id,casino_id,run_date,started_at,status,show_data,tiles_found
1,1,2026-07-29,2026-07-29 02:51:00,success,true,85
2,2,2026-07-29,2026-07-29 03:14:00,success,true,81
3,3,2026-07-29,2026-07-29 04:36:00,success,true,80
4,4,2026-07-29,2026-07-29 05:02:00,success,false,93
5,5,2026-07-29,2026-07-29 06:12:00,success,false,81
6,6,2026-07-29,2026-07-29 07:22:00,success,false,75
7,7,2026-07-29,2026-07-29 08:12:00,success,true,85
8,8,2026-07-29,2026-07-29 09:07:00,success,true,81
9,9,2026-07-29,2026-07-29 10:18:00,success,true,82
10,10,2026-07-29,2026-07-29 11:51:00,success,true,94
11,11,2026-07-29,2026-07-29 12:48:00,success,true,85
12,12,2026-07-29,2026-07-29 13:11:00,success,true,83
13,13,2026-07-29,2026-07-29 14:01:00,success,true,87
14,14,2026-07-29,2026-07-29 15:39:00,success,true,77
15,15,2026-07-29,2026-07-29 16:28:00,success,true,79
16,16,2026-07-29,2026-07-29 17:37:00,success,true,83
17,17,2026-07-29,2026-07-29 18:38:00,success,true,77
18,18,2026-07-29,2026-07-29 19:26:00,success,true,89
19,19,2026-07-29,2026-07-29 20:07:00,success,true,86
20,20,2026-07-29,2026-07-29 01:59:00,success,true,80
21,21,2026-07-29,2026-07-29 02:07:00,success,true,83
22,22,2026-07-29,2026-07-29 03:50:00,success,true,84
23,23,2026-07-29,2026-07-29 04:33:00,success,false,82
24,24,2026-07-29,2026-07-29 05:57:00,failed,false,0
25,25,2026-07-29,2026-07-29 06:25:00,success,true,82
26,26,2026-07-29,2026-07-29 07:48:00,success,true,77
27,27,2026-07-29,2026-07-29 08:53:00,success,true,82
28,28,2026-07-29,2026-07-29 09:05:00,success,false,83
29,29,2026-07-29,2026-07-29 10:35:00,success,true,84
30,30,2026-07-29,2026-07-29 11:04:00,success,true,83
31,31,2026-07-29,2026-07-29 12:09:00,success,true,75
32,32,2026-07-29,2026-07-29 13:51:00,success,true,87
33,33,2026-07-29,2026-07-29 14:26:00,success,true,85
34,34,2026-07-29,2026-07-29 15:38:00,success,true,83
35,35,2026-07-29,2026-07-29 16:57:00,success,true,78
36,36,2026-07-29,2026-07-29 17:28:00,success,true,84
37,37,2026-07-29,2026-07-29 18:27:00,success,true,81
38,38,2026-07-29,2026-07-29 19:26:00,success,true,74
39,39,2026-07-29,2026-07-29 20:37:00,success,true,78
40,40,2026-07-29,2026-07-29 01:19:00,success,true,75
41,41,2026-07-29,2026-07-29 02:46:00,failed,false,0
42,42,2026-07-29,2026-07-29 03:01:00,success,true,81
43,1,2026-07-30,2026-07-30 02:49:00,success,true,82
44,2,2026-07-30,2026-07-30 03:56:00,success,true,80
45,3,2026-07-30,2026-07-30 04:23:00,success,true,82
46,4,2026-07-30,2026-07-30 05:12:00,success,true,79
47,5,2026-07-30,2026-07-30 06:31:00,success,true,82
48,6,2026-07-30,2026-07-30 07:17:00,success,true,75
49,7,2026-07-30,2026-07-30 08:44:00,success,false,75
50,8,2026-07-30,2026-07-30 09:03:00,success,true,77
51,9,2026-07-30,2026-07-30 10:30:00,success,true,82
52,10,2026-07-30,2026-07-30 11:41:00,success,true,91
53,11,2026-07-30,2026-07-30 12:01:00,success,true,79
54,12,2026-07-30,2026-07-30 13:53:00,success,true,77
55,13,2026-07-30,2026-07-30 14:18:00,success,true,84
56,14,2026-07-30,2026-07-30 15:18:00,success,true,74
57,15,2026-07-30,2026-07-30 16:23:00,success,true,76
58,16,2026-07-30,2026-07-30 17:04:00,success,true,83
59,17,2026-07-30,2026-07-30 18:28:00,failed,false,0
60,18,2026-07-30,2026-07-30 19:52:00,success,false,80
61,19,2026-07-30,2026-07-30 20:49:00,success,false,84
62,20,2026-07-30,2026-07-30 01:59:00,success,true,81
63,21,2026-07-30,2026-07-30 02:55:00,success,true,88
64,22,2026-07-30,2026-07-30 03:14:00,success,true,78
65,23,2026-07-30,2026-07-30 04:54:00,failed,false,0
66,24,2026-07-30,2026-07-30 05:01:00,success,true,82
67,25,2026-07-30,2026-07-30 06:35:00,success,true,80
68,26,2026-07-30,2026-07-30 07:24:00,success,true,84
69,27,2026-07-30,2026-07-30 08:56:00,success,true,89
70,28,2026-07-30,2026-07-30 09:23:00,success,false,79
71,29,2026-07-30,2026-07-30 10:27:00,success,false,84
72,30,2026-07-30,2026-07-30 11:56:00,failed,false,0
73,31,2026-07-30,2026-07-30 12:40:00,success,true,78
74,32,2026-07-30,2026-07-30 13:44:00,success,true,85
75,33,2026-07-30,2026-07-30 14:10:00,success,false,81
76,34,2026-07-30,2026-07-30 15:00:00,success,true,89
77,35,2026-07-30,2026-07-30 16:42:00,success,true,77
78,36,2026-07-30,2026-07-30 17:57:00,success,true,85
79,37,2026-07-30,2026-07-30 18:46:00,success,true,84
80,38,2026-07-30,2026-07-30 19:35:00,success,true,77
81,39,2026-07-30,2026-07-30 20:05:00,success,true,81
82,40,2026-07-30,2026-07-30 01:38:00,success,false,78
83,41,2026-07-30,2026-07-30 02:38:00,success,false,77
84,42,2026-07-30,2026-07-30 03:56:00,success,true,80
85,1,2026-07-31,2026-07-31 02:44:00,success,true,84
86,2,2026-07-31,2026-07-31 03:28:00,success,true,80
87,3,2026-07-31,2026-07-31 04:34:00,success,true,82
88,4,2026-07-31,2026-07-31 05:03:00,success,true,83
89,5,2026-07-31,2026-07-31 06:28:00,success,true,80
90,6,2026-07-31,2026-07-31 07:27:00,success,true,78
91,7,2026-07-31,2026-07-31 08:47:00,success,true,86
92,8,2026-07-31,2026-07-31 09:59:00,success,true,81
93,9,2026-07-31,2026-07-31 10:04:00,success,true,85
94,10,2026-07-31,2026-07-31 11:28:00,success,true,87
95,11,2026-07-31,2026-07-31 12:30:00,success,true,80
96,12,2026-07-31,2026-07-31 13:38:00,success,true,81
97,13,2026-07-31,2026-07-31 14:51:00,success,true,80
98,14,2026-07-31,2026-07-31 15:19:00,success,true,74
99,15,2026-07-31,2026-07-31 16:34:00,success,true,74
100,16,2026-07-31,2026-07-31 17:12:00,success,true,80
101,17,2026-07-31,2026-07-31 18:16:00,success,true,75
102,18,2026-07-31,2026-07-31 19:45:00,success,true,86
103,19,2026-07-31,2026-07-31 20:36:00,success,false,80
104,20,2026-07-31,2026-07-31 01:18:00,success,true,76
105,21,2026-07-31,2026-07-31 02:16:00,success,false,83
106,22,2026-07-31,2026-07-31 03:52:00,success,true,83
107,23,2026-07-31,2026-07-31 04:31:00,success,false,86
108,24,2026-07-31,2026-07-31 05:35:00,success,true,79
109,25,2026-07-31,2026-07-31 06:16:00,success,true,80
110,26,2026-07-31,2026-07-31 07:05:00,success,true,85
111,27,2026-07-31,2026-07-31 08:23:00,success,true,85
112,28,2026-07-31,2026-07-31 09:35:00,success,false,88
113,29,2026-07-31,2026-07-31 10:56:00,success,true,87
114,30,2026-07-31,2026-07-31 11:08:00,success,false,81
115,31,2026-07-31,2026-07-31 12:33:00,success,true,79
116,32,2026-07-31,2026-07-31 13:13:00,success,true,84
117,33,2026-07-31,2026-07-31 14:01:00,success,true,90
118,34,2026-07-31,2026-07-31 15:30:00,success,true,81
119,35,2026-07-31,2026-07-31 16:57:00,success,true,80
120,36,2026-07-31,2026-07-31 17:51:00,success,true,79
121,37,2026-07-31,2026-07-31 18:15:00,success,true,86
122,38,2026-07-31,2026-07-31 19:02:00,success,true,79
123,39,2026-07-31,2026-07-31 20:07:00,success,true,91
124,40,2026-07-31,2026-07-31 01:40:00,success,false,74
125,41,2026-07-31,2026-07-31 02:20:00,success,true,81
126,42,2026-07-31,2026-07-31 03:51:00,success,true,81
127,1,2026-08-01,2026-08-01 02:51:00,failed,false,0
128,2,2026-08-01,2026-08-01 03:12:00,success,true,82
129,3,2026-08-01,2026-08-01 04:38:00,success,true,78
130,4,2026-08-01,2026-08-01 05:03:00,success,true,81
131,5,2026-08-01,2026-08-01 06:35:00,success,true,83
132,6,2026-08-01,2026-08-01 07:57:00,success,true,74
133,7,2026-08-01,2026-08-01 08:22:00,success,true,87
134,8,2026-08-01,2026-08-01 09:31:00,success,true,73
135,9,2026-08-01,2026-08-01 10:06:00,success,true,86
136,10,2026-08-01,2026-08-01 11:41:00,failed,false,0
137,11,2026-08-01,2026-08-01 12:32:00,success,true,81
138,12,2026-08-01,2026-08-01 13:40:00,success,true,82
139,13,2026-08-01,2026-08-01 14:46:00,success,true,83
140,14,2026-08-01,2026-08-01 15:06:00,success,true,77
141,15,2026-08-01,2026-08-01 16:12:00,success,true,82
142,16,2026-08-01,2026-08-01 17:55:00,success,false,79
143,17,2026-08-01,2026-08-01 18:18:00,success,true,88
144,18,2026-08-01,2026-08-01 19:52:00,success,true,81
145,19,2026-08-01,2026-08-01 20:09:00,success,true,80
146,20,2026-08-01,2026-08-01 01:52:00,success,true,76
147,21,2026-08-01,2026-08-01 02:45:00,success,true,76
148,22,2026-08-01,2026-08-01 03:22:00,success,true,82
149,23,2026-08-01,2026-08-01 04:29:00,success,false,77
150,24,2026-08-01,2026-08-01 05:29:00,success,false,78
151,25,2026-08-01,2026-08-01 06:20:00,success,true,80
152,26,2026-08-01,2026-08-01 07:19:00,success,true,76
153,27,2026-08-01,2026-08-01 08:25:00,success,true,84
154,28,2026-08-01,2026-08-01 09:59:00,success,true,86
155,29,2026-08-01,2026-08-01 10:43:00,success,true,85
156,30,2026-08-01,2026-08-01 11:38:00,success,true,86
157,31,2026-08-01,2026-08-01 12:44:00,success,true,84
158,32,2026-08-01,2026-08-01 13:08:00,success,true,90
159,33,2026-08-01,2026-08-01 14:19:00,success,true,74
160,34,2026-08-01,2026-08-01 15:05:00,success,true,85
161,35,2026-08-01,2026-08-01 16:42:00,success,true,89
162,36,2026-08-01,2026-08-01 17:44:00,success,true,73
163,37,2026-08-01,2026-08-01 18:18:00,failed,false,0
164,38,2026-08-01,2026-08-01 19:46:00,success,true,85
165,39,2026-08-01,2026-08-01 20:54:00,failed,false,0
166,40,2026-08-01,2026-08-01 01:44:00,success,true,80
167,41,2026-08-01,2026-08-01 02:38:00,success,true,76
168,42,2026-08-01,2026-08-01 03:57:00,success,true,83
169,1,2026-08-02,2026-08-02 02:04:00,success,true,83
170,2,2026-08-02,2026-08-02 03:32:00,success,true,80
171,3,2026-08-02,2026-08-02 04:30:00,success,false,86
172,4,2026-08-02,2026-08-02 05:21:00,success,true,80
173,5,2026-08-02,2026-08-02 06:03:00,success,true,82
174,5,2026-08-02,2026-08-02 09:20:00,success,true,87
175,6,2026-08-02,2026-08-02 07:34:00,failed,false,0
176,7,2026-08-02,2026-08-02 08:23:00,success,true,82
177,8,2026-08-02,2026-08-02 09:14:00,failed,false,0
178,9,2026-08-02,2026-08-02 10:10:00,success,true,75
179,10,2026-08-02,2026-08-02 11:48:00,success,false,79
180,11,2026-08-02,2026-08-02 12:19:00,success,false,82
181,12,2026-08-02,2026-08-02 13:56:00,success,true,89
182,13,2026-08-02,2026-08-02 14:43:00,success,true,79
183,14,2026-08-02,2026-08-02 15:40:00,success,true,82
184,15,2026-08-02,2026-08-02 16:03:00,success,false,75
185,16,2026-08-02,2026-08-02 17:27:00,success,true,78
186,17,2026-08-02,2026-08-02 18:43:00,failed,false,0
187,18,2026-08-02,2026-08-02 19:56:00,failed,false,0
188,19,2026-08-02,2026-08-02 20:07:00,success,true,84
189,20,2026-08-02,2026-08-02 01:02:00,success,true,78
190,21,2026-08-02,2026-08-02 02:19:00,success,true,88
191,22,2026-08-02,2026-08-02 03:09:00,success,true,75
192,23,2026-08-02,2026-08-02 04:24:00,success,false,81
193,24,2026-08-02,2026-08-02 05:23:00,success,true,79
194,25,2026-08-02,2026-08-02 06:08:00,success,false,86
195,26,2026-08-02,2026-08-02 07:07:00,success,false,81
196,27,2026-08-02,2026-08-02 08:29:00,success,true,80
197,28,2026-08-02,2026-08-02 09:45:00,success,false,85
198,29,2026-08-02,2026-08-02 10:56:00,success,true,74
199,30,2026-08-02,2026-08-02 11:50:00,success,true,80
200,31,2026-08-02,2026-08-02 12:29:00,failed,false,0
201,32,2026-08-02,2026-08-02 13:52:00,success,false,86
202,33,2026-08-02,2026-08-02 14:18:00,success,true,80
203,34,2026-08-02,2026-08-02 15:11:00,success,true,82
204,35,2026-08-02,2026-08-02 16:24:00,success,true,77
205,36,2026-08-02,2026-08-02 17:27:00,success,true,84
206,37,2026-08-02,2026-08-02 18:01:00,success,true,85
207,38,2026-08-02,2026-08-02 19:15:00,success,false,81
208,39,2026-08-02,2026-08-02 20:48:00,success,false,81
209,40,2026-08-02,2026-08-02 01:10:00,success,true,78
210,41,2026-08-02,2026-08-02 02:15:00,success,true,72
211,42,2026-08-02,2026-08-02 03:51:00,success,true,83
212,1,2026-08-03,2026-08-03 02:27:00,failed,false,0
213,2,2026-08-03,2026-08-03 03:46:00,success,true,76
214,3,2026-08-03,2026-08-03 04:22:00,success,false,84
215,4,2026-08-03,2026-08-03 05:57:00,success,true,81
216,5,2026-08-03,2026-08-03 06:24:00,success,true,82
217,6,2026-08-03,2026-08-03 07:59:00,success,true,78
218,7,2026-08-03,2026-08-03 08:30:00,success,true,87
219,8,2026-08-03,2026-08-03 09:25:00,success,true,78
220,9,2026-08-03,2026-08-03 10:16:00,success,true,79
221,10,2026-08-03,2026-08-03 11:26:00,success,true,91
222,11,2026-08-03,2026-08-03 12:09:00,success,true,78
223,12,2026-08-03,2026-08-03 13:01:00,success,true,78
224,13,2026-08-03,2026-08-03 14:32:00,success,true,85
225,14,2026-08-03,2026-08-03 15:28:00,success,true,81
226,15,2026-08-03,2026-08-03 16:39:00,success,true,78
227,16,2026-08-03,2026-08-03 17:13:00,success,true,82
228,17,2026-08-03,2026-08-03 18:27:00,success,true,83
229,18,2026-08-03,2026-08-03 19:31:00,success,true,81
230,19,2026-08-03,2026-08-03 20:30:00,success,false,86
231,20,2026-08-03,2026-08-03 01:45:00,success,true,89
232,21,2026-08-03,2026-08-03 02:53:00,success,true,87
233,22,2026-08-03,2026-08-03 03:43:00,success,true,79
234,23,2026-08-03,2026-08-03 04:26:00,success,false,82
235,24,2026-08-03,2026-08-03 05:15:00,success,true,82
236,25,2026-08-03,2026-08-03 06:05:00,success,true,77
237,26,2026-08-03,2026-08-03 07:26:00,success,true,84
238,27,2026-08-03,2026-08-03 08:44:00,success,true,78
239,28,2026-08-03,2026-08-03 09:57:00,success,false,81
240,29,2026-08-03,2026-08-03 10:47:00,success,false,88
241,30,2026-08-03,2026-08-03 11:55:00,success,true,88
242,31,2026-08-03,2026-08-03 12:44:00,success,true,72
243,32,2026-08-03,2026-08-03 13:58:00,success,true,87
244,33,2026-08-03,2026-08-03 14:45:00,success,true,86
245,34,2026-08-03,2026-08-03 15:34:00,success,true,87
246,35,2026-08-03,2026-08-03 16:58:00,success,true,77
247,35,2026-08-03,2026-08-03 19:41:00,success,true,80
248,36,2026-08-03,2026-08-03 17:00:00,success,true,92
249,37,2026-08-03,2026-08-03 18:56:00,success,true,87
250,38,2026-08-03,2026-08-03 19:17:00,success,true,71
251,39,2026-08-03,2026-08-03 20:28:00,success,true,83
252,40,2026-08-03,2026-08-03 01:32:00,success,true,75
253,41,2026-08-03,2026-08-03 02:17:00,failed,false,0
254,42,2026-08-03,2026-08-03 03:27:00,success,true,82
255,1,2026-08-04,2026-08-04 02:34:00,success,true,84
256,2,2026-08-04,2026-08-04 03:07:00,success,false,86
257,3,2026-08-04,2026-08-04 04:46:00,success,true,86
258,4,2026-08-04,2026-08-04 05:32:00,success,true,82
259,5,2026-08-04,2026-08-04 06:38:00,success,true,75
260,6,2026-08-04,2026-08-04 07:14:00,success,true,86
261,7,2026-08-04,2026-08-04 08:21:00,success,true,83
262,8,2026-08-04,2026-08-04 09:28:00,success,false,84
263,9,2026-08-04,2026-08-04 10:36:00,success,true,85
264,10,2026-08-04,2026-08-04 11:11:00,success,true,85
265,11,2026-08-04,2026-08-04 12:18:00,success,true,82
266,12,2026-08-04,2026-08-04 13:48:00,success,true,89
267,13,2026-08-04,2026-08-04 14:03:00,success,true,84
268,14,2026-08-04,2026-08-04 15:33:00,success,true,80
269,15,2026-08-04,2026-08-04 16:33:00,success,true,80
270,16,2026-08-04,2026-08-04 17:48:00,success,true,86
271,17,2026-08-04,2026-08-04 18:25:00,success,true,80
272,18,2026-08-04,2026-08-04 19:50:00,success,false,79
273,19,2026-08-04,2026-08-04 20:07:00,failed,false,0
274,20,2026-08-04,2026-08-04 01:12:00,success,true,80
275,21,2026-08-04,2026-08-04 02:08:00,success,true,83
276,22,2026-08-04,2026-08-04 03:24:00,success,true,79
277,23,2026-08-04,2026-08-04 04:58:00,success,false,86
278,24,2026-08-04,2026-08-04 05:24:00,failed,false,0
279,25,2026-08-04,2026-08-04 06:02:00,success,true,76
280,26,2026-08-04,2026-08-04 07:52:00,success,true,73
281,27,2026-08-04,2026-08-04 08:44:00,success,true,87
282,28,2026-08-04,2026-08-04 09:32:00,success,true,84
283,29,2026-08-04,2026-08-04 10:53:00,failed,false,0
284,30,2026-08-04,2026-08-04 11:47:00,success,true,79
285,31,2026-08-04,2026-08-04 12:01:00,failed,false,0
286,32,2026-08-04,2026-08-04 13:28:00,success,true,86
287,33,2026-08-04,2026-08-04 14:12:00,success,true,77
288,33,2026-08-04,2026-08-04 17:21:00,success,true,81
289,34,2026-08-04,2026-08-04 15:50:00,success,true,81
290,35,2026-08-04,2026-08-04 16:56:00,success,false,71
291,36,2026-08-04,2026-08-04 17:19:00,success,false,81
292,37,2026-08-04,2026-08-04 18:56:00,success,true,80
293,38,2026-08-04,2026-08-04 19:16:00,success,false,77
294,39,2026-08-04,2026-08-04 20:27:00,success,true,78
295,40,2026-08-04,2026-08-04 01:37:00,success,false,78
296,41,2026-08-04,2026-08-04 02:07:00,success,true,74
297,42,2026-08-04,2026-08-04 03:44:00,success,true,80
298,1,2026-08-05,2026-08-05 02:45:00,success,true,84
299,2,2026-08-05,2026-08-05 03:37:00,failed,false,0
300,3,2026-08-05,2026-08-05 04:43:00,failed,false,0
301,4,2026-08-05,2026-08-05 05:57:00,success,true,90
302,5,2026-08-05,2026-08-05 06:33:00,success,false,78
303,6,2026-08-05,2026-08-05 07:38:00,success,true,79
304,7,2026-08-05,2026-08-05 08:07:00,success,true,83
305,8,2026-08-05,2026-08-05 09:57:00,success,true,80
306,9,2026-08-05,2026-08-05 10:04:00,success,false,80
307,10,2026-08-05,2026-08-05 11:12:00,success,false,91
308,11,2026-08-05,2026-08-05 12:09:00,success,true,87
309,12,2026-08-05,2026-08-05 13:38:00,success,true,81
310,13,2026-08-05,2026-08-05 14:42:00,success,true,90
311,14,2026-08-05,2026-08-05 15:31:00,failed,false,0
312,15,2026-08-05,2026-08-05 16:53:00,success,false,79
313,16,2026-08-05,2026-08-05 17:04:00,success,true,76
314,17,2026-08-05,2026-08-05 18:54:00,success,true,86
315,17,2026-08-05,2026-08-05 21:27:00,success,true,76
316,18,2026-08-05,2026-08-05 19:18:00,success,true,83
317,19,2026-08-05,2026-08-05 20:32:00,success,true,83
318,20,2026-08-05,2026-08-05 01:33:00,success,true,76
319,21,2026-08-05,2026-08-05 02:05:00,success,false,80
320,22,2026-08-05,2026-08-05 03:52:00,success,true,72
321,23,2026-08-05,2026-08-05 04:57:00,success,false,81
322,24,2026-08-05,2026-08-05 05:07:00,failed,false,0
323,25,2026-08-05,2026-08-05 06:10:00,success,true,86
324,26,2026-08-05,2026-08-05 07:26:00,success,true,83
325,27,2026-08-05,2026-08-05 08:27:00,success,false,88
326,28,2026-08-05,2026-08-05 09:58:00,success,true,87
327,29,2026-08-05,2026-08-05 10:57:00,success,true,82
328,30,2026-08-05,2026-08-05 11:20:00,success,false,86
329,31,2026-08-05,2026-08-05 12:47:00,success,false,83
330,32,2026-08-05,2026-08-05 13:26:00,success,true,80
331,33,2026-08-05,2026-08-05 14:09:00,success,true,77
332,34,2026-08-05,2026-08-05 15:17:00,success,true,81
333,35,2026-08-05,2026-08-05 16:37:00,success,true,81
334,36,2026-08-05,2026-08-05 17:50:00,success,true,82
335,37,2026-08-05,2026-08-05 18:36:00,success,false,83
336,38,2026-08-05,2026-08-05 19:54:00,success,false,80
337,39,2026-08-05,2026-08-05 20:19:00,success,true,80
338,40,2026-08-05,2026-08-05 01:01:00,success,true,75
339,41,2026-08-05,2026-08-05 02:01:00,success,true,83
340,42,2026-08-05,2026-08-05 03:16:00,success,false,85
341,1,2026-08-06,2026-08-06 02:02:00,success,true,78
342,2,2026-08-06,2026-08-06 03:11:00,success,true,75
343,3,2026-08-06,2026-08-06 04:42:00,success,true,86
344,4,2026-08-06,2026-08-06 05:40:00,success,false,85
345,4,2026-08-06,2026-08-06 08:57:00,success,true,77
346,5,2026-08-06,2026-08-06 06:55:00,success,true,82
347,6,2026-08-06,2026-08-06 07:12:00,success,true,84
348,7,2026-08-06,2026-08-06 08:22:00,success,true,84
349,8,2026-08-06,2026-08-06 09:20:00,success,true,75
350,9,2026-08-06,2026-08-06 10:36:00,failed,false,0
351,10,2026-08-06,2026-08-06 11:09:00,success,true,92
352,11,2026-08-06,2026-08-06 12:37:00,success,false,82
353,12,2026-08-06,2026-08-06 13:45:00,success,true,83
354,13,2026-08-06,2026-08-06 14:50:00,success,true,83
355,14,2026-08-06,2026-08-06 15:26:00,failed,false,0
356,15,2026-08-06,2026-08-06 16:13:00,success,true,79
357,16,2026-08-06,2026-08-06 17:08:00,success,true,80
358,17,2026-08-06,2026-08-06 18:21:00,success,true,83
359,18,2026-08-06,2026-08-06 19:13:00,failed,false,0
360,19,2026-08-06,2026-08-06 20:53:00,failed,false,0
361,20,2026-08-06,2026-08-06 01:38:00,success,false,77
362,21,2026-08-06,2026-08-06 02:18:00,success,true,89
363,22,2026-08-06,2026-08-06 03:16:00,success,true,79
364,23,2026-08-06,2026-08-06 04:38:00,success,false,79
365,24,2026-08-06,2026-08-06 05:45:00,success,true,76
366,25,2026-08-06,2026-08-06 06:57:00,success,true,86
367,26,2026-08-06,2026-08-06 07:43:00,success,true,86
368,27,2026-08-06,2026-08-06 08:58:00,success,true,84
369,28,2026-08-06,2026-08-06 09:36:00,failed,false,0
370,29,2026-08-06,2026-08-06 10:09:00,success,false,84
371,29,2026-08-06,2026-08-06 13:06:00,success,true,89
372,30,2026-08-06,2026-08-06 11:36:00,success,true,90
373,31,2026-08-06,2026-08-06 12:48:00,success,true,77
374,32,2026-08-06,2026-08-06 13:23:00,success,true,78
375,33,2026-08-06,2026-08-06 14:51:00,success,true,85
376,34,2026-08-06,2026-08-06 15:11:00,success,true,79
377,35,2026-08-06,2026-08-06 16:26:00,success,true,73
378,36,2026-08-06,2026-08-06 17:32:00,success,true,75
379,37,2026-08-06,2026-08-06 18:39:00,success,true,74
380,38,2026-08-06,2026-08-06 19:33:00,success,true,81
381,39,2026-08-06,2026-08-06 20:02:00,success,true,85
382,40,2026-08-06,2026-08-06 01:10:00,success,true,76
383,41,2026-08-06,2026-08-06 02:10:00,success,true,73
384,42,2026-08-06,2026-08-06 03:05:00,success,true,87
385,42,2026-08-06,2026-08-06 06:17:00,success,true,78
386,1,2026-08-07,2026-08-07 02:19:00,success,true,77
387,2,2026-08-07,2026-08-07 03:22:00,success,true,78
388,3,2026-08-07,2026-08-07 04:11:00,success,true,83
389,4,2026-08-07,2026-08-07 05:56:00,success,false,86
390,5,2026-08-07,2026-08-07 06:56:00,success,true,85
391,6,2026-08-07,2026-08-07 07:59:00,success,true,81
392,7,2026-08-07,2026-08-07 08:55:00,success,true,85
393,8,2026-08-07,2026-08-07 09:45:00,success,true,84
394,9,2026-08-07,2026-08-07 10:09:00,success,true,79
395,10,2026-08-07,2026-08-07 11:46:00,success,true,84
396,11,2026-08-07,2026-08-07 12:10:00,success,true,80
397,11,2026-08-07,2026-08-07 15:20:00,success,true,81
398,12,2026-08-07,2026-08-07 13:39:00,success,true,88
399,13,2026-08-07,2026-08-07 14:38:00,success,true,79
400,14,2026-08-07,2026-08-07 15:02:00,success,true,84
401,15,2026-08-07,2026-08-07 16:38:00,success,true,75
402,16,2026-08-07,2026-08-07 17:33:00,success,true,75
403,17,2026-08-07,2026-08-07 18:32:00,failed,false,0
404,18,2026-08-07,2026-08-07 19:52:00,success,true,87
405,19,2026-08-07,2026-08-07 20:44:00,success,true,79
406,20,2026-08-07,2026-08-07 01:44:00,success,true,80
407,21,2026-08-07,2026-08-07 02:42:00,success,true,82
408,22,2026-08-07,2026-08-07 03:57:00,success,true,80
409,23,2026-08-07,2026-08-07 04:00:00,success,false,87
410,24,2026-08-07,2026-08-07 05:50:00,success,false,76
411,25,2026-08-07,2026-08-07 06:19:00,success,true,82
412,26,2026-08-07,2026-08-07 07:36:00,success,true,82
413,27,2026-08-07,2026-08-07 08:20:00,success,true,82
414,28,2026-08-07,2026-08-07 09:10:00,success,true,89
415,29,2026-08-07,2026-08-07 10:22:00,success,false,83
416,30,2026-08-07,2026-08-07 11:28:00,success,true,85
417,31,2026-08-07,2026-08-07 12:10:00,failed,false,0
418,32,2026-08-07,2026-08-07 13:49:00,failed,false,0
419,33,2026-08-07,2026-08-07 14:51:00,success,true,78
420,34,2026-08-07,2026-08-07 15:46:00,success,true,70
421,35,2026-08-07,2026-08-07 16:53:00,success,true,72
422,36,2026-08-07,2026-08-07 17:07:00,success,true,80
423,37,2026-08-07,2026-08-07 18:49:00,success,true,87
424,38,2026-08-07,2026-08-07 19:57:00,success,true,72
425,39,2026-08-07,2026-08-07 20:59:00,success,true,80
426,40,2026-08-07,2026-08-07 01:14:00,success,true,82
427,41,2026-08-07,2026-08-07 02:52:00,success,true,72
428,42,2026-08-07,2026-08-07 03:27:00,success,false,79
429,1,2026-08-08,2026-08-08 02:37:00,success,true,81
430,2,2026-08-08,2026-08-08 03:34:00,success,true,77
431,3,2026-08-08,2026-08-08 04:55:00,success,false,84
432,4,2026-08-08,2026-08-08 05:49:00,success,true,77
433,5,2026-08-08,2026-08-08 06:22:00,success,false,84
434,6,2026-08-08,2026-08-08 07:44:00,success,true,80
435,7,2026-08-08,2026-08-08 08:14:00,success,true,77
436,8,2026-08-08,2026-08-08 09:14:00,success,true,76
437,9,2026-08-08,2026-08-08 10:41:00,failed,false,0
438,10,2026-08-08,2026-08-08 11:18:00,success,true,91
439,11,2026-08-08,2026-08-08 12:09:00,success,true,82
440,12,2026-08-08,2026-08-08 13:32:00,success,true,80
441,13,2026-08-08,2026-08-08 14:47:00,success,true,91
442,14,2026-08-08,2026-08-08 15:23:00,success,true,80
443,15,2026-08-08,2026-08-08 16:07:00,success,true,84
444,16,2026-08-08,2026-08-08 17:04:00,failed,false,0
445,17,2026-08-08,2026-08-08 18:27:00,success,false,82
446,18,2026-08-08,2026-08-08 19:34:00,success,true,86
447,19,2026-08-08,2026-08-08 20:09:00,success,true,87
448,20,2026-08-08,2026-08-08 01:17:00,success,true,78
449,21,2026-08-08,2026-08-08 02:48:00,success,true,83
450,22,2026-08-08,2026-08-08 03:50:00,success,false,82
451,23,2026-08-08,2026-08-08 04:40:00,success,false,83
452,24,2026-08-08,2026-08-08 05:44:00,success,true,75
453,25,2026-08-08,2026-08-08 06:32:00,success,true,83
454,26,2026-08-08,2026-08-08 07:30:00,success,true,78
455,27,2026-08-08,2026-08-08 08:11:00,success,true,82
456,28,2026-08-08,2026-08-08 09:20:00,success,true,86
457,29,2026-08-08,2026-08-08 10:16:00,success,false,80
458,30,2026-08-08,2026-08-08 11:19:00,success,false,92
459,31,2026-08-08,2026-08-08 12:47:00,success,true,75
460,32,2026-08-08,2026-08-08 13:03:00,success,true,90
461,33,2026-08-08,2026-08-08 14:38:00,success,true,82
462,34,2026-08-08,2026-08-08 15:39:00,success,false,83
463,35,2026-08-08,2026-08-08 16:40:00,success,false,78
464,36,2026-08-08,2026-08-08 17:27:00,success,true,84
465,37,2026-08-08,2026-08-08 18:11:00,success,true,79
466,38,2026-08-08,2026-08-08 19:09:00,success,true,80
467,39,2026-08-08,2026-08-08 20:14:00,success,true,86
468,40,2026-08-08,2026-08-08 01:22:00,success,false,81
469,41,2026-08-08,2026-08-08 02:46:00,success,true,87
470,42,2026-08-08,2026-08-08 03:06:00,success,true,85
471,1,2026-08-09,2026-08-09 02:23:00,success,true,82
472,2,2026-08-09,2026-08-09 03:18:00,success,true,89
473,3,2026-08-09,2026-08-09 04:45:00,failed,false,0
474,4,2026-08-09,2026-08-09 05:51:00,success,true,78
475,4,2026-08-09,2026-08-09 08:46:00,success,true,84
476,5,2026-08-09,2026-08-09 06:52:00,success,true,83
477,6,2026-08-09,2026-08-09 07:53:00,success,true,77
478,7,2026-08-09,2026-08-09 08:00:00,success,true,76
479,8,2026-08-09,2026-08-09 09:40:00,success,true,79
480,9,2026-08-09,2026-08-09 10:03:00,failed,false,0
481,10,2026-08-09,2026-08-09 11:38:00,success,true,82
482,11,2026-08-09,2026-08-09 12:40:00,success,true,84
483,12,2026-08-09,2026-08-09 13:39:00,success,false,80
484,13,2026-08-09,2026-08-09 14:08:00,success,true,85
485,14,2026-08-09,2026-08-09 15:24:00,success,true,78
486,15,2026-08-09,2026-08-09 16:35:00,success,true,75
487,16,2026-08-09,2026-08-09 17:19:00,success,true,75
488,17,2026-08-09,2026-08-09 18:18:00,success,true,78
489,18,2026-08-09,2026-08-09 19:12:00,failed,false,0
490,19,2026-08-09,2026-08-09 20:44:00,success,true,81
491,20,2026-08-09,2026-08-09 01:08:00,success,true,79
492,21,2026-08-09,2026-08-09 02:06:00,success,true,92
493,22,2026-08-09,2026-08-09 03:37:00,success,true,76
494,23,2026-08-09,2026-08-09 04:33:00,failed,false,0
495,24,2026-08-09,2026-08-09 05:38:00,success,false,87
496,25,2026-08-09,2026-08-09 06:03:00,success,true,82
497,26,2026-08-09,2026-08-09 07:07:00,success,true,79
498,27,2026-08-09,2026-08-09 08:30:00,success,false,77
499,28,2026-08-09,2026-08-09 09:40:00,success,true,84
500,29,2026-08-09,2026-08-09 10:14:00,success,true,89
501,30,2026-08-09,2026-08-09 11:38:00,failed,false,0
502,31,2026-08-09,2026-08-09 12:15:00,success,true,81
503,32,2026-08-09,2026-08-09 13:22:00,success,true,97
504,33,2026-08-09,2026-08-09 14:56:00,success,true,78
505,34,2026-08-09,2026-08-09 15:40:00,success,true,76
506,35,2026-08-09,2026-08-09 16:52:00,success,true,82
507,36,2026-08-09,2026-08-09 17:12:00,success,true,87
508,37,2026-08-09,2026-08-09 18:47:00,success,true,80
509,38,2026-08-09,2026-08-09 19:07:00,success,true,73
510,39,2026-08-09,2026-08-09 20:07:00,success,true,82
511,40,2026-08-09,2026-08-09 01:19:00,success,true,85
512,41,2026-08-09,2026-08-09 02:00:00,success,true,87
513,42,2026-08-09,2026-08-09 03:59:00,success,true,82
514,1,2026-08-10,2026-08-10 02:44:00,success,true,85
515,2,2026-08-10,2026-08-10 03:31:00,success,true,76
516,3,2026-08-10,2026-08-10 04:00:00,success,true,82
517,4,2026-08-10,2026-08-10 05:27:00,success,false,88
518,5,2026-08-10,2026-08-10 06:38:00,success,true,87
519,6,2026-08-10,2026-08-10 07:38:00,success,true,82
520,7,2026-08-10,2026-08-10 08:24:00,success,true,85
521,8,2026-08-10,2026-08-10 09:36:00,success,true,77
522,9,2026-08-10,2026-08-10 10:43:00,success,true,85
523,10,2026-08-10,2026-08-10 11:00:00,success,true,80
524,11,2026-08-10,2026-08-10 12:14:00,success,true,84
525,12,2026-08-10,2026-08-10 13:17:00,success,true,85
526,13,2026-08-10,2026-08-10 14:57:00,success,true,74
527,14,2026-08-10,2026-08-10 15:59:00,failed,false,0
528,15,2026-08-10,2026-08-10 16:10:00,success,true,75
529,16,2026-08-10,2026-08-10 17:14:00,success,true,80
530,17,2026-08-10,2026-08-10 18:27:00,success,false,81
531,19,2026-08-10,2026-08-10 20:30:00,success,true,76
532,20,2026-08-10,2026-08-10 01:33:00,success,true,83
533,21,2026-08-10,2026-08-10 02:37:00,success,true,92
534,22,2026-08-10,2026-08-10 03:14:00,success,true,81
535,23,2026-08-10,2026-08-10 04:01:00,success,false,83
536,24,2026-08-10,2026-08-10 05:03:00,success,true,80
537,25,2026-08-10,2026-08-10 06:32:00,success,true,75
538,26,2026-08-10,2026-08-10 07:08:00,success,true,79
539,27,2026-08-10,2026-08-10 08:44:00,success,false,81
540,28,2026-08-10,2026-08-10 09:30:00,success,true,89
541,29,2026-08-10,2026-08-10 10:26:00,success,true,85
542,30,2026-08-10,2026-08-10 11:12:00,success,true,86
543,31,2026-08-10,2026-08-10 12:44:00,success,false,77
544,32,2026-08-10,2026-08-10 13:05:00,success,true,88
545,33,2026-08-10,2026-08-10 14:23:00,success,true,85
546,34,2026-08-10,2026-08-10 15:03:00,success,true,89
547,35,2026-08-10,2026-08-10 16:21:00,success,true,79
548,36,2026-08-10,2026-08-10 17:01:00,success,true,82
549,37,2026-08-10,2026-08-10 18:46:00,success,true,82
550,38,2026-08-10,2026-08-10 19:24:00,success,true,83
551,39,2026-08-10,2026-08-10 20:33:00,success,true,85
552,40,2026-08-10,2026-08-10 01:37:00,failed,false,0
553,41,2026-08-10,2026-08-10 02:57:00,success,true,81
554,42,2026-08-10,2026-08-10 03:41:00,success,true,83
555,1,2026-08-11,2026-08-11 02:56:00,success,true,85
556,2,2026-08-11,2026-08-11 03:37:00,success,true,72
557,3,2026-08-11,2026-08-11 04:22:00,success,true,87
558,4,2026-08-11,2026-08-11 05:40:00,success,true,84
559,5,2026-08-11,2026-08-11 06:20:00,success,true,80
560,6,2026-08-11,2026-08-11 07:57:00,success,true,78
561,7,2026-08-11,2026-08-11 08:08:00,success,true,83
562,8,2026-08-11,2026-08-11 09:37:00,failed,false,0
563,9,2026-08-11,2026-08-11 10:06:00,success,true,76
564,10,2026-08-11,2026-08-11 11:33:00,success,false,87
565,11,2026-08-11,2026-08-11 12:46:00,success,true,79
566,12,2026-08-11,2026-08-11 13:09:00,success,true,79
567,13,2026-08-11,2026-08-11 14:13:00,success,true,82
568,14,2026-08-11,2026-08-11 15:42:00,success,true,74
569,15,2026-08-11,2026-08-11 16:08:00,success,true,81
570,16,2026-08-11,2026-08-11 17:47:00,success,true,77
571,17,2026-08-11,2026-08-11 18:32:00,success,true,80
572,19,2026-08-11,2026-08-11 20:21:00,success,true,81
573,20,2026-08-11,2026-08-11 01:05:00,success,false,81
574,21,2026-08-11,2026-08-11 02:45:00,success,true,84
575,22,2026-08-11,2026-08-11 03:47:00,success,true,81
576,23,2026-08-11,2026-08-11 04:15:00,success,false,79
577,24,2026-08-11,2026-08-11 05:12:00,success,true,90
578,25,2026-08-11,2026-08-11 06:24:00,success,true,75
579,26,2026-08-11,2026-08-11 07:57:00,success,true,85
580,27,2026-08-11,2026-08-11 08:15:00,success,true,75
581,28,2026-08-11,2026-08-11 09:17:00,success,true,88
582,29,2026-08-11,2026-08-11 10:51:00,success,true,76
583,30,2026-08-11,2026-08-11 11:26:00,success,true,81
584,31,2026-08-11,2026-08-11 12:14:00,success,true,78
585,32,2026-08-11,2026-08-11 13:14:00,success,true,88
586,33,2026-08-11,2026-08-11 14:41:00,success,true,80
587,34,2026-08-11,2026-08-11 15:52:00,success,true,79
588,35,2026-08-11,2026-08-11 16:23:00,success,true,82
589,36,2026-08-11,2026-08-11 17:58:00,success,true,76
590,37,2026-08-11,2026-08-11 18:54:00,success,true,81
591,38,2026-08-11,2026-08-11 19:01:00,success,true,81
592,39,2026-08-11,2026-08-11 20:06:00,failed,false,0
593,40,2026-08-11,2026-08-11 01:03:00,success,true,81
594,41,2026-08-11,2026-08-11 02:03:00,success,true,78
595,42,2026-08-11,2026-08-11 03:43:00,success,true,83
596,1,2026-08-12,2026-08-12 02:02:00,success,true,84
597,2,2026-08-12,2026-08-12 03:41:00,success,true,85
598,3,2026-08-12,2026-08-12 04:29:00,success,true,82
599,4,2026-08-12,2026-08-12 05:42:00,success,true,75
600,5,2026-08-12,2026-08-12 06:42:00,success,true,81
601,6,2026-08-12,2026-08-12 07:02:00,success,false,74
602,7,2026-08-12,2026-08-12 08:45:00,success,true,71
603,8,2026-08-12,2026-08-12 09:16:00,success,true,75
604,9,2026-08-12,2026-08-12 10:33:00,success,true,82
605,10,2026-08-12,2026-08-12 11:15:00,success,true,84
606,11,2026-08-12,2026-08-12 12:05:00,success,true,80
607,12,2026-08-12,2026-08-12 13:35:00,success,true,79
608,13,2026-08-12,2026-08-12 14:10:00,failed,false,0
609,14,2026-08-12,2026-08-12 15:35:00,failed,false,0
610,15,2026-08-12,2026-08-12 16:27:00,success,true,77
611,16,2026-08-12,2026-08-12 17:02:00,success,true,80
612,17,2026-08-12,2026-08-12 18:52:00,success,false,82
613,19,2026-08-12,2026-08-12 20:28:00,success,true,87
614,20,2026-08-12,2026-08-12 01:15:00,success,true,82
615,21,2026-08-12,2026-08-12 02:18:00,failed,false,0
616,22,2026-08-12,2026-08-12 03:13:00,success,true,80
617,23,2026-08-12,2026-08-12 04:51:00,success,false,84
618,24,2026-08-12,2026-08-12 05:52:00,success,true,81
619,25,2026-08-12,2026-08-12 06:54:00,success,true,83
620,26,2026-08-12,2026-08-12 07:46:00,success,true,81
621,27,2026-08-12,2026-08-12 08:43:00,failed,false,0
622,28,2026-08-12,2026-08-12 09:37:00,success,true,91
623,29,2026-08-12,2026-08-12 10:03:00,success,true,86
624,30,2026-08-12,2026-08-12 11:17:00,failed,false,0
625,31,2026-08-12,2026-08-12 12:58:00,success,true,78
626,32,2026-08-12,2026-08-12 13:10:00,success,true,92
627,33,2026-08-12,2026-08-12 14:23:00,failed,false,0
628,34,2026-08-12,2026-08-12 15:48:00,success,true,76
629,35,2026-08-12,2026-08-12 16:37:00,success,true,80
630,36,2026-08-12,2026-08-12 17:03:00,success,true,80
631,37,2026-08-12,2026-08-12 18:36:00,success,true,86
632,38,2026-08-12,2026-08-12 19:40:00,success,true,79
633,39,2026-08-12,2026-08-12 20:13:00,success,true,86
634,40,2026-08-12,2026-08-12 01:29:00,success,false,79
635,41,2026-08-12,2026-08-12 02:44:00,success,true,85
636,42,2026-08-12,2026-08-12 03:27:00,success,true,91
637,1,2026-08-13,2026-08-13 02:15:00,success,true,84
638,2,2026-08-13,2026-08-13 03:03:00,success,false,83
639,3,2026-08-13,2026-08-13 04:51:00,success,true,88
640,4,2026-08-13,2026-08-13 05:50:00,success,true,85
641,5,2026-08-13,2026-08-13 06:29:00,success,true,80
642,6,2026-08-13,2026-08-13 07:15:00,success,true,79
643,7,2026-08-13,2026-08-13 08:10:00,success,false,84
644,8,2026-08-13,2026-08-13 09:06:00,success,true,82
645,9,2026-08-13,2026-08-13 10:03:00,failed,false,0
646,10,2026-08-13,2026-08-13 11:48:00,success,true,85
647,11,2026-08-13,2026-08-13 12:28:00,success,true,84
648,12,2026-08-13,2026-08-13 13:38:00,failed,false,0
649,13,2026-08-13,2026-08-13 14:14:00,success,true,80
650,14,2026-08-13,2026-08-13 15:37:00,success,true,82
651,15,2026-08-13,2026-08-13 16:06:00,success,false,83
652,16,2026-08-13,2026-08-13 17:01:00,success,true,81
653,17,2026-08-13,2026-08-13 18:45:00,success,true,77
654,19,2026-08-13,2026-08-13 20:08:00,success,true,85
655,20,2026-08-13,2026-08-13 01:42:00,success,true,79
656,21,2026-08-13,2026-08-13 02:17:00,success,true,81
657,22,2026-08-13,2026-08-13 03:35:00,success,true,78
658,23,2026-08-13,2026-08-13 04:45:00,failed,false,0
659,24,2026-08-13,2026-08-13 05:54:00,success,true,78
660,25,2026-08-13,2026-08-13 06:58:00,success,true,80
661,26,2026-08-13,2026-08-13 07:55:00,success,true,81
662,27,2026-08-13,2026-08-13 08:11:00,success,false,82
663,28,2026-08-13,2026-08-13 09:21:00,success,true,81
664,29,2026-08-13,2026-08-13 10:10:00,success,true,84
665,30,2026-08-13,2026-08-13 11:47:00,success,true,89
666,31,2026-08-13,2026-08-13 12:55:00,success,false,86
667,32,2026-08-13,2026-08-13 13:22:00,success,true,87
668,33,2026-08-13,2026-08-13 14:27:00,failed,false,0
669,34,2026-08-13,2026-08-13 15:59:00,success,true,80
670,35,2026-08-13,2026-08-13 16:18:00,success,true,78
671,36,2026-08-13,2026-08-13 17:53:00,success,true,82
672,37,2026-08-13,2026-08-13 18:59:00,success,true,87
673,38,2026-08-13,2026-08-13 19:23:00,success,true,81
674,39,2026-08-13,2026-08-13 20:01:00,success,true,86
675,40,2026-08-13,2026-08-13 01:50:00,failed,false,0
676,41,2026-08-13,2026-08-13 02:36:00,failed,false,0
677,42,2026-08-13,2026-08-13 03:55:00,success,true,78
678,1,2026-08-14,2026-08-14 02:30:00,success,false,79
679,2,2026-08-14,2026-08-14 03:19:00,success,true,81
680,3,2026-08-14,2026-08-14 04:14:00,success,true,84
681,4,2026-08-14,2026-08-14 05:15:00,success,true,81
682,5,2026-08-14,2026-08-14 06:44:00,success,true,80
683,6,2026-08-14,2026-08-14 07:01:00,success,true,75
684,7,2026-08-14,2026-08-14 08:46:00,success,true,84
685,8,2026-08-14,2026-08-14 09:32:00,success,true,77
686,9,2026-08-14,2026-08-14 10:06:00,success,false,77
687,10,2026-08-14,2026-08-14 11:23:00,success,true,91
688,11,2026-08-14,2026-08-14 12:56:00,success,true,76
689,12,2026-08-14,2026-08-14 13:47:00,success,true,78
690,13,2026-08-14,2026-08-14 14:55:00,success,true,83
691,14,2026-08-14,2026-08-14 15:40:00,success,false,77
692,15,2026-08-14,2026-08-14 16:50:00,success,true,76
693,16,2026-08-14,2026-08-14 17:15:00,failed,false,0
694,17,2026-08-14,2026-08-14 18:37:00,success,true,83
695,17,2026-08-14,2026-08-14 21:15:00,success,true,79
696,19,2026-08-14,2026-08-14 20:37:00,success,true,79
697,20,2026-08-14,2026-08-14 01:59:00,success,false,77
698,21,2026-08-14,2026-08-14 02:16:00,success,true,90
699,22,2026-08-14,2026-08-14 03:37:00,success,true,84
700,23,2026-08-14,2026-08-14 04:46:00,success,false,80
701,24,2026-08-14,2026-08-14 05:20:00,success,true,83
702,25,2026-08-14,2026-08-14 06:38:00,success,true,80
703,26,2026-08-14,2026-08-14 07:21:00,success,true,82
704,27,2026-08-14,2026-08-14 08:30:00,success,true,92
705,28,2026-08-14,2026-08-14 09:41:00,success,true,80
706,29,2026-08-14,2026-08-14 10:53:00,success,true,81
707,30,2026-08-14,2026-08-14 11:14:00,success,true,84
708,31,2026-08-14,2026-08-14 12:14:00,success,false,70
709,33,2026-08-14,2026-08-14 14:36:00,success,true,79
710,34,2026-08-14,2026-08-14 15:22:00,success,true,77
711,35,2026-08-14,2026-08-14 16:41:00,success,true,83
712,36,2026-08-14,2026-08-14 17:39:00,success,true,81
713,37,2026-08-14,2026-08-14 18:42:00,success,true,85
714,38,2026-08-14,2026-08-14 19:53:00,success,true,89
715,39,2026-08-14,2026-08-14 20:22:00,success,true,86
716,40,2026-08-14,2026-08-14 01:41:00,success,true,76
717,41,2026-08-14,2026-08-14 02:52:00,success,true,84
718,42,2026-08-14,2026-08-14 03:05:00,success,false,84
719,1,2026-08-15,2026-08-15 02:00:00,success,true,84
720,2,2026-08-15,2026-08-15 03:19:00,success,true,78
721,3,2026-08-15,2026-08-15 04:01:00,success,true,75
722,4,2026-08-15,2026-08-15 05:22:00,success,true,77
723,5,2026-08-15,2026-08-15 06:05:00,success,true,92
724,6,2026-08-15,2026-08-15 07:33:00,success,true,79
725,7,2026-08-15,2026-08-15 08:55:00,success,true,83
726,8,2026-08-15,2026-08-15 09:42:00,success,true,78
727,9,2026-08-15,2026-08-15 10:12:00,success,true,75
728,11,2026-08-15,2026-08-15 12:44:00,failed,false,0
729,12,2026-08-15,2026-08-15 13:32:00,success,true,71
730,13,2026-08-15,2026-08-15 14:00:00,failed,false,0
731,14,2026-08-15,2026-08-15 15:53:00,success,true,81
732,14,2026-08-15,2026-08-15 18:14:00,success,true,87
733,15,2026-08-15,2026-08-15 16:09:00,success,true,76
734,16,2026-08-15,2026-08-15 17:35:00,success,true,78
735,17,2026-08-15,2026-08-15 18:32:00,success,true,75
736,19,2026-08-15,2026-08-15 20:56:00,success,true,82
737,20,2026-08-15,2026-08-15 01:49:00,success,true,81
738,21,2026-08-15,2026-08-15 02:00:00,success,true,88
739,22,2026-08-15,2026-08-15 03:55:00,success,true,79
740,23,2026-08-15,2026-08-15 04:33:00,success,false,79
741,24,2026-08-15,2026-08-15 05:04:00,success,true,83
742,25,2026-08-15,2026-08-15 06:55:00,success,true,88
743,26,2026-08-15,2026-08-15 07:14:00,success,true,82
744,27,2026-08-15,2026-08-15 08:50:00,failed,false,0
745,28,2026-08-15,2026-08-15 09:49:00,success,true,84
746,28,2026-08-15,2026-08-15 12:59:00,success,true,80
747,29,2026-08-15,2026-08-15 10:50:00,success,false,80
748,30,2026-08-15,2026-08-15 11:42:00,success,false,80
749,31,2026-08-15,2026-08-15 12:39:00,success,true,81
750,33,2026-08-15,2026-08-15 14:00:00,success,true,84
751,34,2026-08-15,2026-08-15 15:30:00,success,true,78
752,35,2026-08-15,2026-08-15 16:01:00,success,true,82
753,36,2026-08-15,2026-08-15 17:11:00,success,true,81
754,37,2026-08-15,2026-08-15 18:05:00,success,true,88
755,38,2026-08-15,2026-08-15 19:26:00,failed,false,0
756,39,2026-08-15,2026-08-15 20:39:00,success,true,88
757,40,2026-08-15,2026-08-15 01:07:00,success,true,73
758,41,2026-08-15,2026-08-15 02:12:00,failed,false,0
759,42,2026-08-15,2026-08-15 03:33:00,success,true,84
760,1,2026-08-16,2026-08-16 02:43:00,success,true,85
761,2,2026-08-16,2026-08-16 03:56:00,success,true,76
762,3,2026-08-16,2026-08-16 04:03:00,success,true,74
763,4,2026-08-16,2026-08-16 05:10:00,success,true,77
764,5,2026-08-16,2026-08-16 06:09:00,success,false,90
765,6,2026-08-16,2026-08-16 07:01:00,success,true,74
766,7,2026-08-16,2026-08-16 08:50:00,success,true,81
767,8,2026-08-16,2026-08-16 09:13:00,success,false,77
768,9,2026-08-16,2026-08-16 10:25:00,success,true,78
769,11,2026-08-16,2026-08-16 12:45:00,success,true,78
770,12,2026-08-16,2026-08-16 13:05:00,success,true,84
771,13,2026-08-16,2026-08-16 14:49:00,success,true,83
772,14,2026-08-16,2026-08-16 15:54:00,failed,false,0
773,15,2026-08-16,2026-08-16 16:18:00,success,true,83
774,16,2026-08-16,2026-08-16 17:26:00,success,true,72
775,17,2026-08-16,2026-08-16 18:17:00,success,false,84
776,19,2026-08-16,2026-08-16 20:18:00,success,true,79
777,20,2026-08-16,2026-08-16 01:16:00,success,true,82
778,21,2026-08-16,2026-08-16 02:28:00,failed,false,0
779,22,2026-08-16,2026-08-16 03:53:00,success,true,83
780,23,2026-08-16,2026-08-16 04:41:00,success,false,77
781,24,2026-08-16,2026-08-16 05:20:00,success,true,81
782,25,2026-08-16,2026-08-16 06:35:00,success,true,77
783,26,2026-08-16,2026-08-16 07:59:00,success,true,84
784,27,2026-08-16,2026-08-16 08:30:00,success,true,83
785,28,2026-08-16,2026-08-16 09:57:00,success,true,81
786,28,2026-08-16,2026-08-16 12:19:00,success,true,90
787,29,2026-08-16,2026-08-16 10:55:00,success,true,84
788,30,2026-08-16,2026-08-16 11:41:00,success,true,83
789,31,2026-08-16,2026-08-16 12:15:00,success,true,73
790,33,2026-08-16,2026-08-16 14:29:00,success,false,81
791,34,2026-08-16,2026-08-16 15:55:00,success,true,77
792,35,2026-08-16,2026-08-16 16:58:00,success,true,82
793,36,2026-08-16,2026-08-16 17:34:00,success,true,85
794,37,2026-08-16,2026-08-16 18:07:00,success,true,87
795,38,2026-08-16,2026-08-16 19:46:00,success,true,86
796,39,2026-08-16,2026-08-16 20:58:00,success,true,85
797,40,2026-08-16,2026-08-16 01:28:00,success,true,83
798,41,2026-08-16,2026-08-16 02:07:00,success,true,86
799,42,2026-08-16,2026-08-16 03:57:00,success,true,80
800,1,2026-08-17,2026-08-17 02:45:00,success,true,90
801,2,2026-08-17,2026-08-17 03:20:00,success,false,80
802,3,2026-08-17,2026-08-17 04:58:00,success,true,84
803,4,2026-08-17,2026-08-17 05:27:00,success,true,83
804,5,2026-08-17,2026-08-17 06:22:00,success,true,89
805,6,2026-08-17,2026-08-17 07:03:00,success,true,80
806,7,2026-08-17,2026-08-17 08:43:00,success,true,85
807,8,2026-08-17,2026-08-17 09:49:00,success,true,75
808,9,2026-08-17,2026-08-17 10:39:00,success,true,78
809,11,2026-08-17,2026-08-17 12:14:00,success,true,78
810,12,2026-08-17,2026-08-17 13:39:00,success,false,83
811,13,2026-08-17,2026-08-17 14:37:00,success,true,77
812,14,2026-08-17,2026-08-17 15:16:00,success,false,74
813,15,2026-08-17,2026-08-17 16:12:00,success,true,78
814,16,2026-08-17,2026-08-17 17:57:00,success,true,82
815,17,2026-08-17,2026-08-17 18:50:00,success,true,84
816,19,2026-08-17,2026-08-17 20:31:00,success,true,79
817,20,2026-08-17,2026-08-17 01:46:00,success,true,78
818,21,2026-08-17,2026-08-17 02:32:00,success,true,90
819,22,2026-08-17,2026-08-17 03:54:00,success,true,80
820,23,2026-08-17,2026-08-17 04:34:00,success,false,84
821,24,2026-08-17,2026-08-17 05:32:00,success,false,81
822,25,2026-08-17,2026-08-17 06:15:00,success,true,85
823,26,2026-08-17,2026-08-17 07:20:00,success,true,79
824,27,2026-08-17,2026-08-17 08:00:00,success,true,77
825,28,2026-08-17,2026-08-17 09:47:00,failed,false,0
826,29,2026-08-17,2026-08-17 10:46:00,success,true,79
827,30,2026-08-17,2026-08-17 11:10:00,success,true,83
828,31,2026-08-17,2026-08-17 12:57:00,success,true,77
829,33,2026-08-17,2026-08-17 14:09:00,success,true,79
830,34,2026-08-17,2026-08-17 15:34:00,success,true,75
831,35,2026-08-17,2026-08-17 16:37:00,success,true,84
832,36,2026-08-17,2026-08-17 17:39:00,success,true,81
833,37,2026-08-17,2026-08-17 18:52:00,success,true,84
834,38,2026-08-17,2026-08-17 19:48:00,success,true,84
835,38,2026-08-17,2026-08-17 22:29:00,success,true,75
836,39,2026-08-17,2026-08-17 20:16:00,failed,false,0
837,40,2026-08-17,2026-08-17 01:24:00,success,true,81
838,41,2026-08-17,2026-08-17 02:39:00,success,true,87
839,42,2026-08-17,2026-08-17 03:08:00,success,true,76
840,1,2026-08-18,2026-08-18 02:31:00,success,true,86
841,2,2026-08-18,2026-08-18 03:57:00,success,true,73
842,3,2026-08-18,2026-08-18 04:56:00,success,true,82
843,4,2026-08-18,2026-08-18 05:03:00,success,true,83
844,5,2026-08-18,2026-08-18 06:56:00,success,false,84
845,6,2026-08-18,2026-08-18 07:48:00,success,true,75
846,7,2026-08-18,2026-08-18 08:48:00,success,true,81
847,8,2026-08-18,2026-08-18 09:56:00,success,true,76
848,9,2026-08-18,2026-08-18 10:40:00,success,true,91
849,11,2026-08-18,2026-08-18 12:27:00,success,true,83
850,12,2026-08-18,2026-08-18 13:45:00,success,true,74
851,12,2026-08-18,2026-08-18 16:05:00,success,true,86
852,13,2026-08-18,2026-08-18 14:34:00,failed,false,0
853,14,2026-08-18,2026-08-18 15:22:00,success,true,73
854,15,2026-08-18,2026-08-18 16:52:00,success,true,74
855,16,2026-08-18,2026-08-18 17:47:00,success,true,82
856,17,2026-08-18,2026-08-18 18:16:00,success,false,78
857,19,2026-08-18,2026-08-18 20:13:00,success,true,71
858,20,2026-08-18,2026-08-18 01:41:00,success,true,78
859,21,2026-08-18,2026-08-18 02:54:00,success,true,83
860,22,2026-08-18,2026-08-18 03:33:00,success,true,80
861,23,2026-08-18,2026-08-18 04:42:00,success,false,78
862,24,2026-08-18,2026-08-18 05:01:00,failed,false,0
863,25,2026-08-18,2026-08-18 06:11:00,failed,false,0
864,26,2026-08-18,2026-08-18 07:25:00,success,true,81
865,27,2026-08-18,2026-08-18 08:21:00,success,true,77
866,28,2026-08-18,2026-08-18 09:17:00,success,true,81
867,29,2026-08-18,2026-08-18 10:44:00,success,true,83
868,30,2026-08-18,2026-08-18 11:40:00,success,false,90
869,31,2026-08-18,2026-08-18 12:11:00,success,true,76
870,33,2026-08-18,2026-08-18 14:23:00,success,false,81
871,34,2026-08-18,2026-08-18 15:27:00,success,true,83
872,35,2026-08-18,2026-08-18 16:53:00,success,true,82
873,36,2026-08-18,2026-08-18 17:22:00,success,true,87
874,37,2026-08-18,2026-08-18 18:33:00,failed,false,0
875,38,2026-08-18,2026-08-18 19:38:00,success,false,84
876,39,2026-08-18,2026-08-18 20:16:00,success,true,76
877,40,2026-08-18,2026-08-18 01:13:00,success,true,75
878,41,2026-08-18,2026-08-18 02:38:00,success,true,81
879,42,2026-08-18,2026-08-18 03:12:00,success,true,84
880,1,2026-08-19,2026-08-19 02:09:00,success,true,88
881,2,2026-08-19,2026-08-19 03:48:00,success,true,80
882,3,2026-08-19,2026-08-19 04:19:00,success,false,80
883,4,2026-08-19,2026-08-19 05:49:00,success,true,80
884,5,2026-08-19,2026-08-19 06:31:00,success,true,84
885,6,2026-08-19,2026-08-19 07:41:00,success,true,76
886,7,2026-08-19,2026-08-19 08:19:00,success,true,84
887,8,2026-08-19,2026-08-19 09:04:00,success,true,78
888,9,2026-08-19,2026-08-19 10:26:00,success,true,80
889,11,2026-08-19,2026-08-19 12:38:00,success,true,79
890,12,2026-08-19,2026-08-19 13:53:00,success,true,78
891,13,2026-08-19,2026-08-19 14:32:00,success,true,89
892,14,2026-08-19,2026-08-19 15:15:00,success,true,75
893,15,2026-08-19,2026-08-19 16:39:00,success,true,82
894,16,2026-08-19,2026-08-19 17:07:00,success,true,76
895,17,2026-08-19,2026-08-19 18:42:00,success,true,86
896,19,2026-08-19,2026-08-19 20:32:00,success,false,84
897,20,2026-08-19,2026-08-19 01:36:00,success,true,87
898,21,2026-08-19,2026-08-19 02:05:00,success,false,81
899,22,2026-08-19,2026-08-19 03:26:00,failed,false,0
900,23,2026-08-19,2026-08-19 04:04:00,success,false,80
901,24,2026-08-19,2026-08-19 05:26:00,success,true,80
902,25,2026-08-19,2026-08-19 06:17:00,success,true,81
903,26,2026-08-19,2026-08-19 07:12:00,failed,false,0
904,27,2026-08-19,2026-08-19 08:36:00,success,false,77
905,28,2026-08-19,2026-08-19 09:08:00,success,true,76
906,29,2026-08-19,2026-08-19 10:35:00,success,true,85
907,30,2026-08-19,2026-08-19 11:43:00,success,true,85
908,31,2026-08-19,2026-08-19 12:27:00,success,true,81
909,33,2026-08-19,2026-08-19 14:53:00,success,true,79
910,34,2026-08-19,2026-08-19 15:34:00,success,false,78
911,35,2026-08-19,2026-08-19 16:09:00,success,true,83
912,36,2026-08-19,2026-08-19 17:00:00,success,true,76
913,37,2026-08-19,2026-08-19 18:54:00,success,true,83
914,38,2026-08-19,2026-08-19 19:15:00,success,true,80
915,39,2026-08-19,2026-08-19 20:05:00,success,true,77
916,40,2026-08-19,2026-08-19 01:58:00,success,false,83
917,41,2026-08-19,2026-08-19 02:57:00,success,true,85
918,42,2026-08-19,2026-08-19 03:35:00,success,true,89
919,1,2026-08-20,2026-08-20 02:56:00,success,false,84
920,2,2026-08-20,2026-08-20 03:26:00,success,true,85
921,3,2026-08-20,2026-08-20 04:37:00,success,true,83
922,4,2026-08-20,2026-08-20 05:11:00,success,true,77
923,5,2026-08-20,2026-08-20 06:20:00,success,true,86
924,6,2026-08-20,2026-08-20 07:38:00,success,true,77
925,7,2026-08-20,2026-08-20 08:31:00,success,true,76
926,8,2026-08-20,2026-08-20 09:44:00,success,true,81
927,9,2026-08-20,2026-08-20 10:07:00,success,true,82
928,9,2026-08-20,2026-08-20 13:22:00,success,true,81
929,11,2026-08-20,2026-08-20 12:38:00,success,true,80
930,12,2026-08-20,2026-08-20 13:49:00,success,true,77
931,13,2026-08-20,2026-08-20 14:41:00,success,false,80
932,14,2026-08-20,2026-08-20 15:59:00,success,true,77
933,15,2026-08-20,2026-08-20 16:28:00,success,true,82
934,16,2026-08-20,2026-08-20 17:27:00,success,true,82
935,17,2026-08-20,2026-08-20 18:59:00,success,true,81
936,19,2026-08-20,2026-08-20 20:03:00,success,true,74
937,20,2026-08-20,2026-08-20 01:16:00,success,true,80
938,21,2026-08-20,2026-08-20 02:24:00,success,true,91
939,22,2026-08-20,2026-08-20 03:27:00,success,true,77
940,23,2026-08-20,2026-08-20 04:26:00,success,false,78
941,24,2026-08-20,2026-08-20 05:48:00,success,true,76
942,25,2026-08-20,2026-08-20 06:08:00,success,true,81
943,26,2026-08-20,2026-08-20 07:33:00,success,true,85
944,27,2026-08-20,2026-08-20 08:31:00,success,true,80
945,28,2026-08-20,2026-08-20 09:23:00,success,true,89
946,29,2026-08-20,2026-08-20 10:57:00,success,true,87
947,30,2026-08-20,2026-08-20 11:51:00,success,false,81
948,31,2026-08-20,2026-08-20 12:30:00,success,true,76
949,33,2026-08-20,2026-08-20 14:19:00,success,true,82
950,34,2026-08-20,2026-08-20 15:36:00,failed,false,0
951,35,2026-08-20,2026-08-20 16:12:00,success,true,85
952,35,2026-08-20,2026-08-20 19:19:00,success,true,80
953,36,2026-08-20,2026-08-20 17:24:00,success,true,76
954,37,2026-08-20,2026-08-20 18:21:00,success,true,84
955,38,2026-08-20,2026-08-20 19:48:00,success,false,79
956,39,2026-08-20,2026-08-20 20:36:00,success,true,81
957,40,2026-08-20,2026-08-20 01:08:00,success,true,78
958,41,2026-08-20,2026-08-20 02:36:00,success,true,75
959,42,2026-08-20,2026-08-20 03:10:00,failed,false,0
960,1,2026-08-21,2026-08-21 02:31:00,failed,false,0
961,2,2026-08-21,2026-08-21 03:04:00,success,true,75
962,3,2026-08-21,2026-08-21 04:25:00,success,false,82
963,3,2026-08-21,2026-08-21 07:26:00,success,true,86
964,4,2026-08-21,2026-08-21 05:54:00,success,true,79
965,5,2026-08-21,2026-08-21 06:50:00,success,true,91
966,6,2026-08-21,2026-08-21 07:59:00,success,true,71
967,7,2026-08-21,2026-08-21 08:48:00,success,true,81
968,8,2026-08-21,2026-08-21 09:05:00,success,true,77
969,9,2026-08-21,2026-08-21 10:17:00,success,true,81
970,11,2026-08-21,2026-08-21 12:04:00,success,true,80
971,12,2026-08-21,2026-08-21 13:20:00,success,true,75
972,12,2026-08-21,2026-08-21 16:10:00,success,true,83
973,13,2026-08-21,2026-08-21 14:28:00,success,true,84
974,14,2026-08-21,2026-08-21 15:31:00,success,true,80
975,15,2026-08-21,2026-08-21 16:48:00,success,true,80
976,15,2026-08-21,2026-08-21 19:29:00,success,true,78
977,16,2026-08-21,2026-08-21 17:19:00,success,true,83
978,17,2026-08-21,2026-08-21 18:41:00,success,false,82
979,19,2026-08-21,2026-08-21 20:23:00,success,true,71
980,20,2026-08-21,2026-08-21 01:40:00,success,true,82
981,21,2026-08-21,2026-08-21 02:04:00,success,true,88
982,22,2026-08-21,2026-08-21 03:26:00,success,true,78
983,22,2026-08-21,2026-08-21 06:39:00,success,true,80
984,23,2026-08-21,2026-08-21 04:12:00,success,false,85
985,24,2026-08-21,2026-08-21 05:59:00,failed,false,0
986,25,2026-08-21,2026-08-21 06:17:00,success,true,75
987,26,2026-08-21,2026-08-21 07:53:00,success,false,73
988,27,2026-08-21,2026-08-21 08:49:00,success,true,86
989,28,2026-08-21,2026-08-21 09:48:00,success,true,80
990,29,2026-08-21,2026-08-21 10:12:00,success,false,82
991,30,2026-08-21,2026-08-21 11:02:00,success,true,90
992,31,2026-08-21,2026-08-21 12:09:00,success,false,82
993,33,2026-08-21,2026-08-21 14:30:00,success,true,80
994,34,2026-08-21,2026-08-21 15:20:00,success,true,88
995,35,2026-08-21,2026-08-21 16:16:00,success,true,80
996,36,2026-08-21,2026-08-21 17:35:00,success,true,80
997,36,2026-08-21,2026-08-21 20:58:00,success,true,75
998,37,2026-08-21,2026-08-21 18:20:00,success,true,75
999,38,2026-08-21,2026-08-21 19:08:00,success,true,82
1000,39,2026-08-21,2026-08-21 20:21:00,success,true,89
1001,40,2026-08-21,2026-08-21 01:17:00,failed,false,0
1002,41,2026-08-21,2026-08-21 02:39:00,success,true,83
1003,42,2026-08-21,2026-08-21 03:18:00,success,false,80
1004,1,2026-08-22,2026-08-22 02:46:00,success,true,76
1005,2,2026-08-22,2026-08-22 03:33:00,success,false,79
1006,3,2026-08-22,2026-08-22 04:46:00,success,true,87
1007,4,2026-08-22,2026-08-22 05:56:00,success,true,78
1008,5,2026-08-22,2026-08-22 06:27:00,failed,false,0
1009,6,2026-08-22,2026-08-22 07:30:00,success,true,81
1010,7,2026-08-22,2026-08-22 08:57:00,success,true,86
1011,8,2026-08-22,2026-08-22 09:16:00,success,true,72
1012,9,2026-08-22,2026-08-22 10:21:00,success,false,86
1013,11,2026-08-22,2026-08-22 12:49:00,success,true,80
1014,12,2026-08-22,2026-08-22 13:13:00,success,true,85
1015,13,2026-08-22,2026-08-22 14:37:00,success,false,89
1016,14,2026-08-22,2026-08-22 15:20:00,success,true,83
1017,15,2026-08-22,2026-08-22 16:23:00,success,false,85
1018,16,2026-08-22,2026-08-22 17:48:00,success,true,85
1019,17,2026-08-22,2026-08-22 18:39:00,success,false,79
1020,19,2026-08-22,2026-08-22 20:38:00,success,true,80
1021,20,2026-08-22,2026-08-22 01:01:00,success,false,86
1022,21,2026-08-22,2026-08-22 02:45:00,success,true,88
1023,22,2026-08-22,2026-08-22 03:50:00,success,true,79
1024,23,2026-08-22,2026-08-22 04:00:00,success,false,89
1025,24,2026-08-22,2026-08-22 05:21:00,success,true,76
1026,25,2026-08-22,2026-08-22 06:25:00,success,true,86
1027,26,2026-08-22,2026-08-22 07:18:00,success,true,85
1028,27,2026-08-22,2026-08-22 08:24:00,success,true,80
1029,27,2026-08-22,2026-08-22 11:27:00,success,true,82
1030,28,2026-08-22,2026-08-22 09:12:00,failed,false,0
1031,29,2026-08-22,2026-08-22 10:44:00,success,true,84
1032,30,2026-08-22,2026-08-22 11:47:00,failed,false,0
1033,31,2026-08-22,2026-08-22 12:59:00,success,true,76
1034,33,2026-08-22,2026-08-22 14:39:00,success,true,78
1035,34,2026-08-22,2026-08-22 15:21:00,success,true,83
1036,35,2026-08-22,2026-08-22 16:38:00,success,true,79
1037,36,2026-08-22,2026-08-22 17:29:00,success,true,86
1038,37,2026-08-22,2026-08-22 18:45:00,failed,false,0
1039,38,2026-08-22,2026-08-22 19:46:00,success,true,74
1040,39,2026-08-22,2026-08-22 20:48:00,failed,false,0
1041,40,2026-08-22,2026-08-22 01:20:00,success,false,83
1042,41,2026-08-22,2026-08-22 02:55:00,success,true,80
1043,42,2026-08-22,2026-08-22 03:38:00,success,true,79
1044,1,2026-08-23,2026-08-23 02:12:00,success,false,87
1045,2,2026-08-23,2026-08-23 03:01:00,failed,false,0
1046,3,2026-08-23,2026-08-23 04:56:00,success,false,72
1047,4,2026-08-23,2026-08-23 05:50:00,success,true,77
1048,5,2026-08-23,2026-08-23 06:16:00,success,true,87
1049,6,2026-08-23,2026-08-23 07:17:00,success,false,79
1050,7,2026-08-23,2026-08-23 08:11:00,success,true,85
1051,8,2026-08-23,2026-08-23 09:17:00,success,true,79
1052,9,2026-08-23,2026-08-23 10:12:00,success,true,80
1053,11,2026-08-23,2026-08-23 12:01:00,success,true,84
1054,12,2026-08-23,2026-08-23 13:45:00,success,true,82
1055,13,2026-08-23,2026-08-23 14:43:00,success,false,78
1056,14,2026-08-23,2026-08-23 15:39:00,success,false,80
1057,15,2026-08-23,2026-08-23 16:37:00,success,true,77
1058,16,2026-08-23,2026-08-23 17:11:00,success,true,75
1059,17,2026-08-23,2026-08-23 18:17:00,success,true,87
1060,19,2026-08-23,2026-08-23 20:54:00,success,false,82
1061,20,2026-08-23,2026-08-23 01:00:00,success,true,79
1062,21,2026-08-23,2026-08-23 02:47:00,success,true,80
1063,21,2026-08-23,2026-08-23 05:37:00,success,true,81
1064,22,2026-08-23,2026-08-23 03:52:00,failed,false,0
1065,23,2026-08-23,2026-08-23 04:28:00,success,false,85
1066,24,2026-08-23,2026-08-23 05:14:00,success,true,85
1067,25,2026-08-23,2026-08-23 06:06:00,success,true,81
1068,26,2026-08-23,2026-08-23 07:42:00,success,true,80
1069,27,2026-08-23,2026-08-23 08:14:00,success,true,87
1070,28,2026-08-23,2026-08-23 09:49:00,success,true,80
1071,29,2026-08-23,2026-08-23 10:50:00,success,true,83
1072,30,2026-08-23,2026-08-23 11:03:00,failed,false,0
1073,31,2026-08-23,2026-08-23 12:53:00,failed,false,0
1074,33,2026-08-23,2026-08-23 14:55:00,success,true,75
1075,34,2026-08-23,2026-08-23 15:21:00,success,true,83
1076,35,2026-08-23,2026-08-23 16:45:00,success,true,75
1077,36,2026-08-23,2026-08-23 17:46:00,success,true,82
1078,37,2026-08-23,2026-08-23 18:07:00,success,true,80
1079,38,2026-08-23,2026-08-23 19:05:00,success,true,77
1080,39,2026-08-23,2026-08-23 20:01:00,success,true,82
1081,40,2026-08-23,2026-08-23 01:45:00,success,true,82
1082,41,2026-08-23,2026-08-23 02:38:00,success,false,86
1083,42,2026-08-23,2026-08-23 03:54:00,success,true,80
1084,1,2026-08-24,2026-08-24 02:16:00,success,true,77
1085,2,2026-08-24,2026-08-24 03:59:00,success,true,85
1086,3,2026-08-24,2026-08-24 04:24:00,success,true,86
1087,4,2026-08-24,2026-08-24 05:46:00,success,true,79
1088,5,2026-08-24,2026-08-24 06:17:00,success,true,82
1089,6,2026-08-24,2026-08-24 07:30:00,success,true,86
1090,7,2026-08-24,2026-08-24 08:11:00,success,true,77
1091,8,2026-08-24,2026-08-24 09:57:00,failed,false,0
1092,9,2026-08-24,2026-08-24 10:45:00,success,true,76
1093,11,2026-08-24,2026-08-24 12:08:00,success,true,89
1094,12,2026-08-24,2026-08-24 13:51:00,success,true,81
1095,13,2026-08-24,2026-08-24 14:16:00,success,true,85
1096,14,2026-08-24,2026-08-24 15:10:00,success,true,79
1097,15,2026-08-24,2026-08-24 16:51:00,success,true,73
1098,16,2026-08-24,2026-08-24 17:07:00,success,true,82
1099,17,2026-08-24,2026-08-24 18:47:00,success,true,77
1100,19,2026-08-24,2026-08-24 20:18:00,success,false,77
1101,20,2026-08-24,2026-08-24 01:13:00,success,true,80
1102,21,2026-08-24,2026-08-24 02:12:00,success,true,83
1103,22,2026-08-24,2026-08-24 03:24:00,success,false,86
1104,23,2026-08-24,2026-08-24 04:14:00,success,false,81
1105,24,2026-08-24,2026-08-24 05:03:00,success,true,83
1106,25,2026-08-24,2026-08-24 06:52:00,success,false,88
1107,26,2026-08-24,2026-08-24 07:52:00,success,true,81
1108,27,2026-08-24,2026-08-24 08:09:00,success,true,78
1109,28,2026-08-24,2026-08-24 09:46:00,success,true,84
1110,29,2026-08-24,2026-08-24 10:58:00,success,true,81
1111,30,2026-08-24,2026-08-24 11:58:00,success,false,90
1112,31,2026-08-24,2026-08-24 12:35:00,success,true,72
1113,33,2026-08-24,2026-08-24 14:18:00,success,false,73
1114,34,2026-08-24,2026-08-24 15:53:00,success,true,79
1115,35,2026-08-24,2026-08-24 16:53:00,success,true,83
1116,36,2026-08-24,2026-08-24 17:55:00,success,true,80
1117,37,2026-08-24,2026-08-24 18:52:00,success,true,87
1118,38,2026-08-24,2026-08-24 19:43:00,success,true,80
1119,39,2026-08-24,2026-08-24 20:54:00,success,true,82
1120,40,2026-08-24,2026-08-24 01:23:00,success,true,77
1121,41,2026-08-24,2026-08-24 02:44:00,success,true,81
1122,42,2026-08-24,2026-08-24 03:19:00,success,true,85
1123,1,2026-08-25,2026-08-25 02:42:00,success,true,83
1124,2,2026-08-25,2026-08-25 03:01:00,success,true,79
1125,3,2026-08-25,2026-08-25 04:57:00,success,true,87
1126,4,2026-08-25,2026-08-25 05:35:00,success,true,89
1127,5,2026-08-25,2026-08-25 06:51:00,success,true,95
1128,6,2026-08-25,2026-08-25 07:36:00,success,true,79
1129,7,2026-08-25,2026-08-25 08:24:00,success,true,78
1130,8,2026-08-25,2026-08-25 09:33:00,failed,false,0
1131,9,2026-08-25,2026-08-25 10:09:00,success,true,78
1132,11,2026-08-25,2026-08-25 12:36:00,success,true,83
1133,12,2026-08-25,2026-08-25 13:50:00,success,true,81
1134,13,2026-08-25,2026-08-25 14:07:00,success,true,88
1135,14,2026-08-25,2026-08-25 15:04:00,success,true,75
1136,15,2026-08-25,2026-08-25 16:40:00,success,true,79
1137,16,2026-08-25,2026-08-25 17:16:00,success,false,83
1138,17,2026-08-25,2026-08-25 18:40:00,failed,false,0
1139,19,2026-08-25,2026-08-25 20:34:00,success,false,76
1140,20,2026-08-25,2026-08-25 01:21:00,success,true,80
1141,21,2026-08-25,2026-08-25 02:51:00,success,false,79
1142,21,2026-08-25,2026-08-25 05:16:00,success,true,89
1143,22,2026-08-25,2026-08-25 03:48:00,success,true,78
1144,23,2026-08-25,2026-08-25 04:06:00,success,false,84
1145,24,2026-08-25,2026-08-25 05:34:00,success,true,78
1146,25,2026-08-25,2026-08-25 06:43:00,success,true,82
1147,26,2026-08-25,2026-08-25 07:02:00,success,true,80
1148,27,2026-08-25,2026-08-25 08:30:00,failed,false,0
1149,28,2026-08-25,2026-08-25 09:59:00,success,true,88
1150,29,2026-08-25,2026-08-25 10:36:00,success,true,82
1151,30,2026-08-25,2026-08-25 11:12:00,success,false,90
1152,30,2026-08-25,2026-08-25 14:53:00,success,true,78
1153,31,2026-08-25,2026-08-25 12:44:00,success,false,79
1154,33,2026-08-25,2026-08-25 14:05:00,success,true,81
1155,34,2026-08-25,2026-08-25 15:29:00,success,true,79
1156,35,2026-08-25,2026-08-25 16:59:00,success,true,80
1157,36,2026-08-25,2026-08-25 17:11:00,success,true,76
1158,37,2026-08-25,2026-08-25 18:40:00,success,false,81
1159,38,2026-08-25,2026-08-25 19:12:00,success,true,83
1160,39,2026-08-25,2026-08-25 20:43:00,success,false,81
1161,40,2026-08-25,2026-08-25 01:52:00,success,true,83
1162,41,2026-08-25,2026-08-25 02:58:00,success,true,79
1163,42,2026-08-25,2026-08-25 03:36:00,success,true,88
1164,1,2026-08-26,2026-08-26 02:51:00,success,true,79
1165,2,2026-08-26,2026-08-26 03:36:00,success,true,85
1166,3,2026-08-26,2026-08-26 04:23:00,success,true,80
1167,4,2026-08-26,2026-08-26 05:13:00,failed,false,0
1168,5,2026-08-26,2026-08-26 06:15:00,success,true,91
1169,6,2026-08-26,2026-08-26 07:50:00,success,true,80
1170,7,2026-08-26,2026-08-26 08:19:00,success,true,79
1171,8,2026-08-26,2026-08-26 09:39:00,failed,false,0
1172,9,2026-08-26,2026-08-26 10:18:00,success,true,86
1173,11,2026-08-26,2026-08-26 12:20:00,success,true,82
1174,12,2026-08-26,2026-08-26 13:35:00,success,true,88
1175,13,2026-08-26,2026-08-26 14:08:00,success,true,89
1176,14,2026-08-26,2026-08-26 15:11:00,success,true,82
1177,15,2026-08-26,2026-08-26 16:39:00,success,true,80
1178,16,2026-08-26,2026-08-26 17:01:00,success,true,76
1179,17,2026-08-26,2026-08-26 18:04:00,success,false,78
1180,19,2026-08-26,2026-08-26 20:19:00,success,true,78
1181,20,2026-08-26,2026-08-26 01:23:00,success,true,75
1182,21,2026-08-26,2026-08-26 02:31:00,success,true,89
1183,22,2026-08-26,2026-08-26 03:08:00,success,true,87
1184,23,2026-08-26,2026-08-26 04:14:00,success,false,89
1185,24,2026-08-26,2026-08-26 05:08:00,success,true,88
1186,25,2026-08-26,2026-08-26 06:50:00,success,false,79
1187,26,2026-08-26,2026-08-26 07:08:00,success,true,74
1188,27,2026-08-26,2026-08-26 08:41:00,success,true,83
1189,28,2026-08-26,2026-08-26 09:04:00,success,true,78
1190,29,2026-08-26,2026-08-26 10:30:00,success,true,84
1191,30,2026-08-26,2026-08-26 11:50:00,success,true,85
1192,31,2026-08-26,2026-08-26 12:48:00,success,false,78
1193,33,2026-08-26,2026-08-26 14:43:00,failed,false,0
1194,34,2026-08-26,2026-08-26 15:44:00,success,true,85
1195,35,2026-08-26,2026-08-26 16:07:00,success,true,84
1196,36,2026-08-26,2026-08-26 17:32:00,success,true,73
1197,37,2026-08-26,2026-08-26 18:59:00,success,true,84
1198,38,2026-08-26,2026-08-26 19:56:00,success,true,84
1199,39,2026-08-26,2026-08-26 20:15:00,success,true,77
1200,40,2026-08-26,2026-08-26 01:17:00,success,true,89
1201,41,2026-08-26,2026-08-26 02:59:00,success,true,77
1202,42,2026-08-26,2026-08-26 03:15:00,success,true,83
1203,1,2026-08-27,2026-08-27 02:09:00,success,true,76
1204,2,2026-08-27,2026-08-27 03:37:00,failed,false,0
1205,3,2026-08-27,2026-08-27 04:35:00,success,true,90
1206,4,2026-08-27,2026-08-27 05:11:00,success,true,79
1207,5,2026-08-27,2026-08-27 06:43:00,success,true,89
1208,6,2026-08-27,2026-08-27 07:39:00,success,true,79
1209,7,2026-08-27,2026-08-27 08:46:00,success,true,80
1210,8,2026-08-27,2026-08-27 09:14:00,success,true,76
1211,9,2026-08-27,2026-08-27 10:54:00,success,true,87
1212,11,2026-08-27,2026-08-27 12:32:00,success,true,79
1213,12,2026-08-27,2026-08-27 13:23:00,success,true,78
1214,13,2026-08-27,2026-08-27 14:47:00,success,true,81
1215,14,2026-08-27,2026-08-27 15:05:00,success,true,71
1216,15,2026-08-27,2026-08-27 16:13:00,success,true,79
1217,16,2026-08-27,2026-08-27 17:07:00,success,true,76
1218,17,2026-08-27,2026-08-27 18:53:00,success,false,77
1219,19,2026-08-27,2026-08-27 20:57:00,success,true,78
1220,20,2026-08-27,2026-08-27 01:34:00,success,true,84
1221,21,2026-08-27,2026-08-27 02:51:00,success,true,82
1222,22,2026-08-27,2026-08-27 03:52:00,failed,false,0
1223,23,2026-08-27,2026-08-27 04:44:00,success,false,82
1224,24,2026-08-27,2026-08-27 05:25:00,success,true,86
1225,25,2026-08-27,2026-08-27 06:41:00,success,true,82
1226,26,2026-08-27,2026-08-27 07:15:00,success,true,77
1227,27,2026-08-27,2026-08-27 08:16:00,success,true,79
1228,28,2026-08-27,2026-08-27 09:06:00,success,true,87
1229,28,2026-08-27,2026-08-27 12:03:00,success,true,75
1230,29,2026-08-27,2026-08-27 10:22:00,success,true,87
1231,30,2026-08-27,2026-08-27 11:53:00,failed,false,0
1232,31,2026-08-27,2026-08-27 12:13:00,success,true,74
1233,33,2026-08-27,2026-08-27 14:10:00,success,false,79
1234,34,2026-08-27,2026-08-27 15:42:00,success,true,77
1235,35,2026-08-27,2026-08-27 16:12:00,success,true,80
1236,36,2026-08-27,2026-08-27 17:15:00,failed,false,0
1237,37,2026-08-27,2026-08-27 18:39:00,success,true,84
1238,38,2026-08-27,2026-08-27 19:59:00,success,true,81
1239,39,2026-08-27,2026-08-27 20:11:00,success,true,78
1240,40,2026-08-27,2026-08-27 01:18:00,success,true,80
1241,41,2026-08-27,2026-08-27 02:23:00,success,true,87
1242,42,2026-08-27,2026-08-27 03:48:00,success,true,82
1243,1,2026-08-28,2026-08-28 02:06:00,failed,false,0
1244,2,2026-08-28,2026-08-28 03:19:00,success,true,82
1245,3,2026-08-28,2026-08-28 04:58:00,success,true,93
1246,4,2026-08-28,2026-08-28 05:22:00,success,false,87
1247,5,2026-08-28,2026-08-28 06:13:00,success,true,80
1248,6,2026-08-28,2026-08-28 07:57:00,success,true,81
1249,7,2026-08-28,2026-08-28 08:21:00,success,true,83
1250,8,2026-08-28,2026-08-28 09:55:00,success,true,74
1251,9,2026-08-28,2026-08-28 10:15:00,success,true,83
1252,11,2026-08-28,2026-08-28 12:59:00,success,true,88
1253,12,2026-08-28,2026-08-28 13:26:00,success,true,79
1254,13,2026-08-28,2026-08-28 14:02:00,success,true,86
1255,14,2026-08-28,2026-08-28 15:05:00,success,true,84
1256,15,2026-08-28,2026-08-28 16:32:00,success,true,77
1257,16,2026-08-28,2026-08-28 17:04:00,success,true,75
1258,16,2026-08-28,2026-08-28 20:58:00,success,true,75
1259,17,2026-08-28,2026-08-28 18:11:00,success,true,80
1260,19,2026-08-28,2026-08-28 20:14:00,success,true,80
1261,20,2026-08-28,2026-08-28 01:40:00,success,true,86
1262,20,2026-08-28,2026-08-28 04:11:00,success,true,77
1263,21,2026-08-28,2026-08-28 02:11:00,failed,false,0
1264,22,2026-08-28,2026-08-28 03:49:00,success,true,80
1265,23,2026-08-28,2026-08-28 04:29:00,success,false,81
1266,24,2026-08-28,2026-08-28 05:57:00,success,false,82
1267,25,2026-08-28,2026-08-28 06:12:00,success,true,85
1268,26,2026-08-28,2026-08-28 07:14:00,success,true,81
1269,27,2026-08-28,2026-08-28 08:50:00,success,true,76
1270,28,2026-08-28,2026-08-28 09:05:00,success,true,83
1271,29,2026-08-28,2026-08-28 10:17:00,success,false,78
1272,30,2026-08-28,2026-08-28 11:43:00,success,true,89
1273,31,2026-08-28,2026-08-28 12:51:00,success,true,81
1274,33,2026-08-28,2026-08-28 14:42:00,success,false,77
1275,34,2026-08-28,2026-08-28 15:25:00,success,true,81
1276,35,2026-08-28,2026-08-28 16:39:00,success,true,80
1277,36,2026-08-28,2026-08-28 17:53:00,success,false,83
1278,37,2026-08-28,2026-08-28 18:12:00,success,true,84
1279,38,2026-08-28,2026-08-28 19:01:00,success,true,85
1280,39,2026-08-28,2026-08-28 20:12:00,success,true,90
1281,40,2026-08-28,2026-08-28 01:43:00,success,true,75
1282,41,2026-08-28,2026-08-28 02:38:00,success,true,80
1283,42,2026-08-28,2026-08-28 03:20:00,success,true,80
1284,1,2026-08-29,2026-08-29 02:45:00,failed,false,0
1285,2,2026-08-29,2026-08-29 03:30:00,success,true,79
1286,3,2026-08-29,2026-08-29 04:10:00,success,false,83
1287,4,2026-08-29,2026-08-29 05:07:00,success,true,71
1288,5,2026-08-29,2026-08-29 06:44:00,success,true,83
1289,6,2026-08-29,2026-08-29 07:52:00,success,false,76
1290,7,2026-08-29,2026-08-29 08:11:00,success,true,81
1291,8,2026-08-29,2026-08-29 09:15:00,success,true,79
1292,9,2026-08-29,2026-08-29 10:28:00,failed,false,0
1293,11,2026-08-29,2026-08-29 12:01:00,success,false,79
1294,12,2026-08-29,2026-08-29 13:31:00,failed,false,0
1295,13,2026-08-29,2026-08-29 14:19:00,success,true,81
1296,14,2026-08-29,2026-08-29 15:19:00,success,true,83
1297,15,2026-08-29,2026-08-29 16:30:00,success,true,82
1298,16,2026-08-29,2026-08-29 17:14:00,success,true,82
1299,17,2026-08-29,2026-08-29 18:00:00,success,true,80
1300,19,2026-08-29,2026-08-29 20:28:00,success,true,76
1301,20,2026-08-29,2026-08-29 01:04:00,failed,false,0
1302,21,2026-08-29,2026-08-29 02:49:00,success,true,93
1303,22,2026-08-29,2026-08-29 03:08:00,success,true,83
1304,23,2026-08-29,2026-08-29 04:40:00,success,false,85
1305,24,2026-08-29,2026-08-29 05:06:00,success,true,87
1306,25,2026-08-29,2026-08-29 06:36:00,success,true,80
1307,26,2026-08-29,2026-08-29 07:56:00,success,true,77
1308,27,2026-08-29,2026-08-29 08:34:00,failed,false,0
1309,28,2026-08-29,2026-08-29 09:04:00,success,true,81
1310,29,2026-08-29,2026-08-29 10:02:00,success,true,82
1311,30,2026-08-29,2026-08-29 11:30:00,success,true,87
1312,31,2026-08-29,2026-08-29 12:24:00,success,true,79
1313,33,2026-08-29,2026-08-29 14:07:00,success,true,79
1314,34,2026-08-29,2026-08-29 15:24:00,success,true,79
1315,35,2026-08-29,2026-08-29 16:03:00,success,true,74
1316,36,2026-08-29,2026-08-29 17:33:00,success,true,76
1317,37,2026-08-29,2026-08-29 18:32:00,success,false,84
1318,38,2026-08-29,2026-08-29 19:30:00,success,true,81
1319,39,2026-08-29,2026-08-29 20:55:00,success,true,81
1320,40,2026-08-29,2026-08-29 01:38:00,success,true,82
1321,41,2026-08-29,2026-08-29 02:57:00,success,true,81
1322,42,2026-08-29,2026-08-29 03:46:00,success,true,85
1323,1,2026-08-30,2026-08-30 02:51:00,success,true,87
1324,2,2026-08-30,2026-08-30 03:02:00,success,true,82
1325,3,2026-08-30,2026-08-30 04:07:00,success,true,81
1326,4,2026-08-30,2026-08-30 05:38:00,success,true,85
1327,5,2026-08-30,2026-08-30 06:02:00,success,true,84
1328,6,2026-08-30,2026-08-30 07:37:00,failed,false,0
1329,7,2026-08-30,2026-08-30 08:46:00,success,true,72
1330,7,2026-08-30,2026-08-30 11:44:00,success,true,82
1331,8,2026-08-30,2026-08-30 09:48:00,success,true,74
1332,9,2026-08-30,2026-08-30 10:34:00,success,true,82
1333,11,2026-08-30,2026-08-30 12:46:00,success,false,79
1334,12,2026-08-30,2026-08-30 13:17:00,success,true,80
1335,13,2026-08-30,2026-08-30 14:30:00,success,true,90
1336,13,2026-08-30,2026-08-30 17:35:00,success,true,82
1337,14,2026-08-30,2026-08-30 15:49:00,success,true,87
1338,15,2026-08-30,2026-08-30 16:53:00,success,true,80
1339,16,2026-08-30,2026-08-30 17:06:00,success,true,89
1340,17,2026-08-30,2026-08-30 18:05:00,failed,false,0
1341,19,2026-08-30,2026-08-30 20:09:00,success,true,76
1342,20,2026-08-30,2026-08-30 01:01:00,success,true,77
1343,21,2026-08-30,2026-08-30 02:49:00,success,true,88
1344,22,2026-08-30,2026-08-30 03:49:00,success,true,80
1345,22,2026-08-30,2026-08-30 06:22:00,success,true,82
1346,23,2026-08-30,2026-08-30 04:28:00,success,false,82
1347,24,2026-08-30,2026-08-30 05:14:00,success,true,84
1348,25,2026-08-30,2026-08-30 06:07:00,success,true,76
1349,26,2026-08-30,2026-08-30 07:05:00,success,true,75
1350,27,2026-08-30,2026-08-30 08:29:00,success,true,77
1351,28,2026-08-30,2026-08-30 09:47:00,failed,false,0
1352,29,2026-08-30,2026-08-30 10:23:00,success,true,85
1353,30,2026-08-30,2026-08-30 11:48:00,success,true,86
1354,31,2026-08-30,2026-08-30 12:01:00,success,true,81
1355,33,2026-08-30,2026-08-30 14:20:00,success,true,85
1356,34,2026-08-30,2026-08-30 15:03:00,success,true,81
1357,35,2026-08-30,2026-08-30 16:36:00,success,true,79
1358,36,2026-08-30,2026-08-30 17:59:00,success,true,79
1359,37,2026-08-30,2026-08-30 18:39:00,success,true,88
1360,38,2026-08-30,2026-08-30 19:59:00,success,false,81
1361,39,2026-08-30,2026-08-30 20:27:00,success,true,86
1362,40,2026-08-30,2026-08-30 01:20:00,success,true,80
1363,41,2026-08-30,2026-08-30 02:50:00,success,true,72
1364,42,2026-08-30,2026-08-30 03:00:00,success,false,77
1365,42,2026-08-30,2026-08-30 06:21:00,success,true,76
1366,1,2026-08-31,2026-08-31 02:09:00,success,true,79
1367,2,2026-08-31,2026-08-31 03:34:00,success,true,80
1368,3,2026-08-31,2026-08-31 04:05:00,success,true,78
1369,4,2026-08-31,2026-08-31 05:08:00,success,true,83
1370,5,2026-08-31,2026-08-31 06:47:00,success,true,93
1371,6,2026-08-31,2026-08-31 07:06:00,success,true,83
1372,7,2026-08-31,2026-08-31 08:55:00,success,true,82
1373,8,2026-08-31,2026-08-31 09:28:00,success,true,79
1374,9,2026-08-31,2026-08-31 10:25:00,success,true,80
1375,11,2026-08-31,2026-08-31 12:46:00,success,true,81
1376,12,2026-08-31,2026-08-31 13:39:00,success,true,76
1377,13,2026-08-31,2026-08-31 14:47:00,success,true,84
1378,14,2026-08-31,2026-08-31 15:07:00,success,true,75
1379,15,2026-08-31,2026-08-31 16:32:00,success,false,79
1380,16,2026-08-31,2026-08-31 17:37:00,success,true,83
1381,17,2026-08-31,2026-08-31 18:28:00,success,false,76
1382,17,2026-08-31,2026-08-31 21:03:00,success,true,84
1383,19,2026-08-31,2026-08-31 20:04:00,success,true,87
1384,20,2026-08-31,2026-08-31 01:54:00,success,true,83
1385,21,2026-08-31,2026-08-31 02:54:00,success,true,83
1386,22,2026-08-31,2026-08-31 03:14:00,success,true,83
1387,23,2026-08-31,2026-08-31 04:28:00,failed,false,0
1388,24,2026-08-31,2026-08-31 05:49:00,success,true,76
1389,25,2026-08-31,2026-08-31 06:00:00,success,true,79
1390,26,2026-08-31,2026-08-31 07:04:00,success,false,77
1391,27,2026-08-31,2026-08-31 08:40:00,success,true,84
1392,28,2026-08-31,2026-08-31 09:17:00,failed,false,0
1393,29,2026-08-31,2026-08-31 10:55:00,failed,false,0
1394,30,2026-08-31,2026-08-31 11:25:00,failed,false,0
1395,31,2026-08-31,2026-08-31 12:20:00,success,false,74
1396,33,2026-08-31,2026-08-31 14:22:00,success,false,80
1397,34,2026-08-31,2026-08-31 15:57:00,failed,false,0
1398,35,2026-08-31,2026-08-31 16:45:00,failed,false,0
1399,36,2026-08-31,2026-08-31 17:55:00,success,true,80
1400,37,2026-08-31,2026-08-31 18:46:00,success,true,79
1401,38,2026-08-31,2026-08-31 19:23:00,success,true,80
1402,39,2026-08-31,2026-08-31 20:06:00,success,true,88
1403,40,2026-08-31,2026-08-31 01:53:00,success,false,76
1404,41,2026-08-31,2026-08-31 02:00:00,success,false,69
1405,42,2026-08-31,2026-08-31 03:58:00,success,true,80
1406,1,2026-09-01,2026-09-01 02:43:00,success,true,73
1407,2,2026-09-01,2026-09-01 03:21:00,success,true,85
1408,3,2026-09-01,2026-09-01 04:55:00,success,true,87
1409,4,2026-09-01,2026-09-01 05:37:00,success,true,86
1410,5,2026-09-01,2026-09-01 06:10:00,failed,false,0
1411,6,2026-09-01,2026-09-01 07:57:00,success,true,85
1412,7,2026-09-01,2026-09-01 08:02:00,success,true,81
1413,8,2026-09-01,2026-09-01 09:12:00,success,true,84
1414,9,2026-09-01,2026-09-01 10:08:00,success,true,80
1415,11,2026-09-01,2026-09-01 12:58:00,success,true,80
1416,12,2026-09-01,2026-09-01 13:58:00,success,true,81
1417,13,2026-09-01,2026-09-01 14:51:00,success,true,82
1418,14,2026-09-01,2026-09-01 15:44:00,success,true,74
1419,15,2026-09-01,2026-09-01 16:13:00,failed,false,0
1420,16,2026-09-01,2026-09-01 17:26:00,success,true,81
1421,17,2026-09-01,2026-09-01 18:16:00,success,true,79
1422,19,2026-09-01,2026-09-01 20:39:00,success,true,82
1423,20,2026-09-01,2026-09-01 01:36:00,success,true,74
1424,21,2026-09-01,2026-09-01 02:10:00,success,true,83
1425,22,2026-09-01,2026-09-01 03:03:00,success,true,77
1426,23,2026-09-01,2026-09-01 04:45:00,success,false,81
1427,24,2026-09-01,2026-09-01 05:16:00,success,true,85
1428,25,2026-09-01,2026-09-01 06:11:00,failed,false,0
1429,26,2026-09-01,2026-09-01 07:00:00,success,true,77
1430,27,2026-09-01,2026-09-01 08:18:00,success,true,85
1431,28,2026-09-01,2026-09-01 09:51:00,success,true,89
1432,29,2026-09-01,2026-09-01 10:38:00,success,true,80
1433,30,2026-09-01,2026-09-01 11:32:00,success,false,81
1434,31,2026-09-01,2026-09-01 12:54:00,success,true,85
1435,33,2026-09-01,2026-09-01 14:16:00,success,true,83
1436,34,2026-09-01,2026-09-01 15:49:00,success,true,83
1437,35,2026-09-01,2026-09-01 16:16:00,success,true,81
1438,36,2026-09-01,2026-09-01 17:46:00,success,true,81
1439,37,2026-09-01,2026-09-01 18:33:00,failed,false,0
1440,38,2026-09-01,2026-09-01 19:28:00,success,true,79
1441,39,2026-09-01,2026-09-01 20:44:00,success,true,91
1442,40,2026-09-01,2026-09-01 01:22:00,success,true,72
1443,41,2026-09-01,2026-09-01 02:15:00,success,true,85
1444,42,2026-09-01,2026-09-01 03:12:00,success,true,85
1445,1,2026-09-02,2026-09-02 02:35:00,success,false,78
1446,2,2026-09-02,2026-09-02 03:38:00,success,true,77
1447,3,2026-09-02,2026-09-02 04:06:00,success,false,82
1448,4,2026-09-02,2026-09-02 05:19:00,success,true,83
1449,5,2026-09-02,2026-09-02 06:46:00,success,true,82
1450,6,2026-09-02,2026-09-02 07:26:00,success,false,74
1451,7,2026-09-02,2026-09-02 08:14:00,success,true,79
1452,8,2026-09-02,2026-09-02 09:37:00,success,true,83
1453,9,2026-09-02,2026-09-02 10:17:00,success,true,86
1454,11,2026-09-02,2026-09-02 12:38:00,success,true,82
1455,12,2026-09-02,2026-09-02 13:08:00,success,true,83
1456,13,2026-09-02,2026-09-02 14:18:00,success,true,87
1457,14,2026-09-02,2026-09-02 15:12:00,success,true,75
1458,15,2026-09-02,2026-09-02 16:18:00,success,true,78
1459,16,2026-09-02,2026-09-02 17:10:00,success,true,78
1460,17,2026-09-02,2026-09-02 18:57:00,failed,false,0
1461,19,2026-09-02,2026-09-02 20:18:00,success,true,78
1462,20,2026-09-02,2026-09-02 01:19:00,success,true,80
1463,21,2026-09-02,2026-09-02 02:29:00,success,false,85
1464,22,2026-09-02,2026-09-02 03:08:00,success,true,79
1465,23,2026-09-02,2026-09-02 04:28:00,success,false,80
1466,24,2026-09-02,2026-09-02 05:55:00,success,false,84
1467,25,2026-09-02,2026-09-02 06:27:00,success,false,83
1468,26,2026-09-02,2026-09-02 07:28:00,success,true,78
1469,27,2026-09-02,2026-09-02 08:11:00,failed,false,0
1470,28,2026-09-02,2026-09-02 09:36:00,success,true,73
1471,29,2026-09-02,2026-09-02 10:12:00,failed,false,0
1472,30,2026-09-02,2026-09-02 11:22:00,success,true,88
1473,31,2026-09-02,2026-09-02 12:47:00,success,true,77
1474,33,2026-09-02,2026-09-02 14:37:00,success,false,81
1475,34,2026-09-02,2026-09-02 15:04:00,success,true,84
1476,35,2026-09-02,2026-09-02 16:26:00,success,false,83
1477,36,2026-09-02,2026-09-02 17:17:00,success,false,76
1478,37,2026-09-02,2026-09-02 18:02:00,success,true,84
1479,38,2026-09-02,2026-09-02 19:52:00,success,true,80
1480,39,2026-09-02,2026-09-02 20:48:00,success,true,77
1481,40,2026-09-02,2026-09-02 01:03:00,success,true,75
1482,41,2026-09-02,2026-09-02 02:35:00,success,true,79
1483,42,2026-09-02,2026-09-02 03:36:00,success,true,75
